vector,average
"[(0, 5, 2), (1, 0, 1), (1, 4, 3)]",8.153333333333334
"[(1, 1, 0), (1, 3, 0), (1, 3, 1)]",8.463333333333333
"[(1, 1, 1), (1, 1, 2), (1, 4, 4)]",9.186666666666667
"[(1, 2, 3), (1, 2, 4), (1, 3, 3)]",8.7
"[(1, 0, 2), (1, 1, 2), (1, 3, 0)]",8.75
"[(1, 0, 2), (1, 1, 4), (1, 3, 0)]",8.456666666666667
"[(1, 0, 1), (1, 0, 4), (1, 2, 2)]",9.15
"[(1, 0, 0), (1, 1, 3), (1, 2, 4)]",8.906666666666666
"[(0, 5, 2), (1, 0, 4), (1, 2, 2)]",9.556666666666667
"[(1, 1, 0), (1, 3, 4), (1, 4, 2)]",8.32
"[(0, 2, 4), (1, 2, 3), (1, 4, 0)]",8.893333333333333
"[(0, 4, 6), (0, 5, 2), (1, 4, 2)]",8.81
"[(0, 4, 2), (1, 0, 1), (1, 2, 0)]",8.02
"[(0, 1, 4), (1, 0, 3), (1, 2, 4)]",9.143333333333333
"[(0, 5, 2), (1, 1, 2), (1, 2, 3)]",8.92
"[(1, 1, 0), (1, 3, 0), (1, 4, 0)]",8.343333333333334
"[(0, 1, 4), (1, 1, 4), (1, 3, 2)]",9.263333333333334
"[(0, 4, 2), (1, 1, 1), (1, 2, 3)]",9.31
"[(1, 2, 4), (1, 3, 4), (1, 4, 2)]",8.113333333333333
"[(1, 0, 1), (1, 1, 3), (1, 1, 4)]",8.72
"[(0, 4, 6), (1, 0, 2), (1, 4, 4)]",8.04
"[(0, 4, 2), (1, 2, 2), (1, 2, 3)]",9.35
"[(1, 2, 3), (1, 4, 2), (1, 4, 3)]",8.36
"[(0, 5, 6), (1, 3, 0), (1, 3, 2)]",8.84
"[(0, 1, 4), (1, 3, 0), (1, 4, 0)]",9.103333333333333
"[(0, 1, 4), (1, 1, 4), (1, 3, 1)]",9.263333333333334
"[(0, 2, 4), (1, 3, 4), (1, 4, 2)]",8.646666666666667
"[(1, 2, 1), (1, 3, 4), (1, 4, 3)]",9.166666666666666
"[(1, 1, 2), (1, 2, 3), (1, 3, 1)]",8.776666666666667
"[(0, 4, 2), (0, 4, 6), (1, 3, 3)]",8.913333333333334
"[(0, 4, 2), (1, 3, 0), (1, 3, 2)]",8.316666666666666
"[(0, 5, 2), (1, 2, 3), (1, 3, 2)]",9.32
"[(0, 5, 6), (1, 3, 2), (1, 4, 2)]",8.633333333333333
"[(0, 4, 2), (0, 5, 6), (1, 3, 4)]",8.696666666666667
"[(1, 0, 0), (1, 3, 1), (1, 4, 2)]",8.256666666666666
"[(1, 2, 0), (1, 3, 0), (1, 3, 2)]",8.256666666666666
"[(0, 4, 2), (1, 0, 0), (1, 2, 1)]",9.136666666666667
"[(1, 0, 0), (1, 1, 4), (1, 4, 1)]",8.446666666666667
"[(0, 2, 4), (1, 1, 0), (1, 3, 1)]",8.686666666666667
"[(1, 3, 1), (1, 4, 1), (1, 4, 3)]",8.143333333333333
"[(0, 5, 6), (1, 2, 0), (1, 3, 0)]",8.37
"[(1, 2, 3), (1, 3, 3), (1, 3, 4)]",8.71
"[(0, 2, 4), (1, 0, 0), (1, 1, 1)]",9.56
"[(1, 0, 0), (1, 0, 1), (1, 2, 0)]",8.126666666666667
"[(1, 1, 3), (1, 4, 2), (1, 4, 3)]",8.626666666666667
"[(0, 1, 4), (1, 4, 3), (1, 4, 4)]",9.01
"[(0, 1, 4), (1, 0, 1), (1, 2, 2)]",9.786666666666667
"[(1, 0, 0), (1, 0, 4), (1, 1, 1)]",9.02
"[(0, 2, 4), (1, 0, 3), (1, 1, 0)]",8.773333333333333
"[(1, 1, 3), (1, 2, 4), (1, 3, 1)]",8.84
"[(0, 1, 4), (1, 3, 0), (1, 3, 2)]",9.223333333333333
"[(1, 2, 4), (1, 4, 3), (1, 4, 4)]",8.156666666666666
"[(1, 0, 1), (1, 2, 4), (1, 3, 3)]",8.403333333333334
"[(1, 3, 0), (1, 4, 1), (1, 4, 2)]",8.176666666666666
"[(0, 2, 4), (1, 1, 3), (1, 3, 4)]",9.18
"[(1, 2, 2), (1, 3, 1), (1, 4, 1)]",8.96
"[(1, 1, 3), (1, 2, 1), (1, 3, 2)]",9.686666666666667
"[(1, 0, 4), (1, 2, 1), (1, 4, 1)]",9.2
"[(0, 4, 2), (1, 1, 4), (1, 2, 4)]",8.33
"[(1, 0, 4), (1, 1, 4), (1, 2, 0)]",8.24
"[(0, 4, 6), (1, 1, 4), (1, 4, 1)]",8.34
"[(1, 2, 0), (1, 3, 3), (1, 4, 1)]",8.3
"[(0, 5, 6), (1, 0, 4), (1, 4, 2)]",8.576666666666666
"[(0, 4, 2), (1, 1, 0), (1, 4, 0)]",8.403333333333334
"[(1, 1, 1), (1, 2, 0), (1, 2, 2)]",9.483333333333333
"[(0, 4, 2), (1, 0, 2), (1, 4, 1)]",8.08
"[(0, 5, 6), (1, 3, 4), (1, 4, 3)]",8.513333333333334
"[(1, 0, 1), (1, 1, 3), (1, 4, 4)]",8.636666666666667
"[(0, 1, 4), (0, 2, 4), (1, 4, 0)]",8.896666666666667
"[(1, 0, 2), (1, 0, 4), (1, 4, 2)]",8.24
"[(0, 4, 6), (1, 1, 3), (1, 2, 2)]",9.576666666666666
"[(1, 1, 4), (1, 3, 1), (1, 4, 1)]",8.36
"[(1, 2, 3), (1, 4, 1), (1, 4, 4)]",8.38
"[(1, 0, 2), (1, 1, 1), (1, 2, 2)]",9.483333333333333
"[(1, 0, 0), (1, 3, 1), (1, 4, 0)]",8.236666666666666
"[(1, 0, 4), (1, 1, 1), (1, 4, 4)]",8.853333333333333
"[(0, 2, 4), (1, 2, 0), (1, 3, 1)]",8.696666666666667
"[(0, 1, 4), (1, 1, 2), (1, 2, 2)]",9.743333333333334
"[(1, 1, 0), (1, 1, 1), (1, 1, 3)]",9.23
"[(0, 1, 4), (1, 3, 3), (1, 4, 2)]",9.266666666666667
"[(1, 0, 4), (1, 4, 3), (1, 4, 4)]",8.323333333333334
"[(1, 1, 2), (1, 3, 3), (1, 4, 4)]",8.913333333333334
"[(0, 5, 2), (1, 2, 0), (1, 3, 1)]",8.663333333333334
"[(0, 1, 4), (1, 0, 2), (1, 4, 3)]",9.216666666666667
"[(1, 0, 0), (1, 2, 0), (1, 4, 0)]",8.116666666666667
"[(1, 1, 4), (1, 2, 0), (1, 2, 1)]",9.22
"[(0, 4, 2), (1, 0, 3), (1, 1, 2)]",8.83
"[(0, 4, 2), (1, 0, 2), (1, 4, 0)]",8.206666666666667
"[(0, 4, 2), (0, 5, 6), (1, 2, 2)]",9.523333333333333
"[(1, 0, 2), (1, 3, 2), (1, 4, 3)]",8.153333333333334
"[(1, 2, 0), (1, 2, 3), (1, 3, 0)]",8.546666666666667
"[(1, 3, 3), (1, 4, 1), (1, 4, 2)]",8.32
"[(1, 0, 0), (1, 0, 2), (1, 4, 2)]",8.146666666666667
"[(1, 0, 2), (1, 1, 2), (1, 3, 2)]",8.623333333333333
"[(1, 1, 0), (1, 2, 0), (1, 4, 1)]",8.156666666666666
"[(1, 0, 4), (1, 2, 0), (1, 2, 2)]",9.14
"[(0, 4, 2), (1, 0, 3), (1, 2, 3)]",8.79
"[(1, 1, 2), (1, 1, 3), (1, 3, 4)]",8.83
"[(1, 1, 2), (1, 3, 4), (1, 4, 0)]",8.706666666666667
"[(1, 2, 4), (1, 3, 2), (1, 4, 2)]",8.163333333333334
"[(0, 2, 4), (1, 3, 0), (1, 4, 1)]",8.69
"[(0, 5, 2), (1, 0, 0), (1, 3, 4)]",8.4
"[(1, 0, 0), (1, 2, 0), (1, 4, 2)]",8.136666666666667
"[(0, 2, 4), (0, 5, 2), (1, 1, 4)]",8.79
"[(0, 5, 6), (1, 1, 0), (1, 3, 4)]",8.42
"[(0, 5, 6), (1, 3, 2), (1, 3, 3)]",8.776666666666667
"[(1, 0, 4), (1, 4, 0), (1, 4, 2)]",8.23
"[(0, 5, 2), (1, 1, 4), (1, 3, 3)]",8.71
"[(1, 1, 2), (1, 2, 1), (1, 4, 2)]",9.543333333333333
"[(1, 0, 0), (1, 3, 0), (1, 3, 3)]",8.673333333333334
"[(1, 0, 1), (1, 2, 1), (1, 3, 3)]",9.26
"[(1, 0, 4), (1, 1, 0), (1, 3, 0)]",8.623333333333333
"[(1, 0, 1), (1, 2, 1), (1, 4, 4)]",8.93
"[(1, 0, 2), (1, 3, 2), (1, 4, 2)]",8.06
"[(1, 0, 2), (1, 3, 2), (1, 4, 1)]",8.08
"[(0, 1, 4), (0, 4, 2), (1, 1, 3)]",9.57
"[(0, 5, 6), (1, 3, 0), (1, 4, 2)]",8.503333333333334
"[(0, 2, 4), (1, 2, 0), (1, 3, 4)]",8.74
"[(1, 0, 4), (1, 3, 3), (1, 4, 4)]",8.58
"[(0, 5, 6), (1, 1, 0), (1, 3, 2)]",8.84
"[(0, 4, 6), (1, 2, 4), (1, 3, 2)]",8.766666666666667
"[(1, 0, 0), (1, 3, 1), (1, 3, 3)]",8.586666666666666
"[(0, 5, 2), (1, 0, 0), (1, 2, 2)]",9.463333333333333
"[(0, 4, 6), (1, 2, 3), (1, 4, 0)]",8.42
"[(1, 0, 1), (1, 3, 1), (1, 4, 1)]",8.06
"[(0, 5, 6), (1, 2, 1), (1, 3, 2)]",9.84
"[(0, 4, 6), (0, 5, 2), (1, 1, 3)]",9.24
"[(1, 3, 0), (1, 3, 1), (1, 4, 3)]",8.35
"[(1, 0, 2), (1, 1, 4), (1, 2, 3)]",8.66
"[(0, 2, 4), (1, 1, 1), (1, 4, 0)]",9.373333333333333
"[(1, 2, 1), (1, 2, 3), (1, 3, 4)]",9.216666666666667
"[(1, 4, 1), (1, 4, 3), (1, 4, 4)]",8.063333333333333
"[(0, 4, 2), (1, 0, 0), (1, 0, 2)]",8.206666666666667
"[(0, 4, 2), (1, 1, 2), (1, 1, 4)]",8.726666666666667
"[(1, 0, 3), (1, 1, 1), (1, 2, 1)]",9.25
"[(1, 0, 2), (1, 1, 1), (1, 2, 1)]",9.053333333333333
"[(0, 5, 6), (1, 1, 2), (1, 2, 4)]",8.776666666666667
"[(1, 0, 1), (1, 2, 4), (1, 4, 1)]",8.073333333333334
"[(0, 1, 4), (1, 0, 0), (1, 2, 2)]",9.653333333333334
"[(0, 1, 4), (1, 0, 2), (1, 2, 4)]",9.266666666666667
"[(1, 1, 1), (1, 1, 4), (1, 2, 2)]",9.793333333333333
"[(1, 2, 4), (1, 3, 3), (1, 3, 4)]",8.403333333333334
"[(1, 1, 0), (1, 1, 3), (1, 2, 1)]",9.793333333333333
"[(1, 1, 3), (1, 2, 1), (1, 3, 3)]",9.833333333333334
"[(0, 4, 6), (1, 0, 2), (1, 3, 1)]",8.366666666666667
"[(1, 1, 1), (1, 2, 1), (1, 3, 3)]",9.393333333333333
"[(0, 4, 2), (1, 1, 0), (1, 4, 3)]",8.31
"[(1, 0, 4), (1, 3, 0), (1, 3, 2)]",8.536666666666667
"[(0, 5, 6), (1, 1, 3), (1, 2, 3)]",8.726666666666667
"[(0, 1, 4), (0, 4, 6), (1, 1, 3)]",9.57
"[(1, 0, 2), (1, 1, 1), (1, 4, 0)]",8.563333333333333
"[(0, 5, 2), (0, 5, 6), (1, 3, 4)]",9.283333333333333
"[(0, 4, 2), (1, 2, 1), (1, 2, 2)]",9.296666666666667
"[(1, 1, 2), (1, 3, 0), (1, 4, 2)]",8.77
"[(1, 1, 3), (1, 1, 4), (1, 4, 1)]",8.73
"[(1, 0, 2), (1, 0, 3), (1, 4, 2)]",8.166666666666666
"[(0, 4, 2), (1, 0, 1), (1, 4, 2)]",8.04
"[(1, 0, 0), (1, 2, 4), (1, 4, 3)]",8.323333333333334
"[(1, 1, 1), (1, 1, 4), (1, 4, 3)]",8.956666666666667
"[(1, 0, 2), (1, 1, 0), (1, 1, 3)]",8.823333333333334
"[(0, 4, 2), (1, 3, 0), (1, 3, 2)]",8.316666666666666
"[(1, 2, 1), (1, 3, 0), (1, 4, 0)]",9.116666666666667
"[(0, 4, 6), (1, 0, 3), (1, 3, 1)]",8.563333333333333
"[(1, 1, 3), (1, 2, 3), (1, 3, 3)]",8.853333333333333
"[(0, 2, 4), (0, 4, 2), (1, 1, 0)]",8.646666666666667
"[(0, 1, 4), (1, 2, 0), (1, 4, 1)]",9.03
"[(1, 0, 0), (1, 0, 3), (1, 2, 4)]",8.436666666666667
"[(1, 2, 2), (1, 3, 4), (1, 4, 2)]",9.033333333333333
"[(1, 2, 0), (1, 2, 1), (1, 3, 1)]",8.93
"[(1, 0, 0), (1, 1, 0), (1, 1, 1)]",8.74
"[(0, 1, 4), (1, 0, 3), (1, 0, 4)]",9.093333333333334
"[(0, 2, 4), (0, 4, 2), (0, 5, 6)]",9.076666666666666
"[(1, 0, 2), (1, 2, 1), (1, 3, 2)]",9.02
"[(1, 2, 2), (1, 2, 3), (1, 3, 0)]",9.18
"[(1, 0, 3), (1, 1, 1), (1, 2, 3)]",9.17
"[(1, 0, 1), (1, 0, 2), (1, 1, 3)]",8.626666666666667
"[(0, 4, 2), (1, 1, 0), (1, 1, 4)]",8.526666666666667
"[(0, 5, 2), (1, 2, 3), (1, 3, 3)]",8.85
"[(1, 0, 1), (1, 0, 2), (1, 4, 0)]",7.95
"[(0, 4, 6), (1, 0, 0), (1, 4, 1)]",8.216666666666667
"[(1, 0, 0), (1, 2, 3), (1, 3, 2)]",8.646666666666667
"[(1, 1, 3), (1, 1, 4), (1, 2, 1)]",9.69
"[(0, 4, 2), (1, 0, 3), (1, 4, 0)]",8.403333333333334
"[(1, 2, 3), (1, 3, 0), (1, 4, 3)]",8.546666666666667
"[(1, 0, 2), (1, 1, 2), (1, 4, 0)]",8.543333333333333
"[(0, 2, 4), (0, 4, 2), (1, 3, 2)]",8.85
"[(1, 0, 1), (1, 1, 3), (1, 3, 1)]",8.736666666666666
"[(0, 1, 4), (1, 0, 0), (1, 1, 3)]",9.583333333333334
"[(1, 0, 1), (1, 2, 0), (1, 3, 0)]",8.146666666666667
"[(0, 5, 2), (1, 2, 2), (1, 4, 0)]",9.463333333333333
"[(1, 0, 4), (1, 3, 4), (1, 4, 3)]",8.373333333333333
"[(1, 1, 2), (1, 2, 3), (1, 3, 2)]",8.776666666666667
"[(1, 0, 0), (1, 0, 1), (1, 0, 4)]",8.406666666666666
"[(1, 0, 4), (1, 4, 0), (1, 4, 4)]",8.23
"[(1, 0, 0), (1, 0, 1), (1, 3, 3)]",8.476666666666667
"[(1, 1, 2), (1, 2, 2), (1, 2, 3)]",9.126666666666667
"[(0, 5, 2), (1, 0, 2), (1, 1, 3)]",8.736666666666666
"[(0, 4, 6), (1, 1, 0), (1, 3, 0)]",8.423333333333334
"[(0, 4, 6), (0, 5, 2), (1, 0, 4)]",8.843333333333334
"[(0, 4, 6), (1, 0, 4), (1, 3, 2)]",8.933333333333334
"[(0, 4, 6), (1, 0, 3), (1, 3, 3)]",8.606666666666667
"[(1, 0, 0), (1, 1, 0), (1, 2, 1)]",9.116666666666667
"[(0, 4, 6), (0, 5, 6), (1, 2, 2)]",8.94
"[(1, 0, 2), (1, 1, 0), (1, 2, 1)]",9.126666666666667
"[(0, 5, 6), (1, 1, 1), (1, 4, 2)]",8.92
"[(0, 4, 2), (1, 0, 1), (1, 2, 1)]",8.95
"[(1, 2, 0), (1, 3, 2), (1, 3, 4)]",8.213333333333333
"[(1, 1, 1), (1, 1, 3), (1, 4, 2)]",9.25
"[(0, 5, 6), (1, 2, 2), (1, 2, 3)]",9.053333333333333
"[(0, 4, 6), (1, 1, 0), (1, 3, 1)]",8.563333333333333
"[(1, 1, 2), (1, 2, 1), (1, 4, 0)]",9.523333333333333
"[(0, 4, 6), (1, 4, 2), (1, 4, 4)]",8.09
"[(0, 4, 2), (1, 1, 0), (1, 1, 4)]",8.526666666666667
"[(1, 0, 2), (1, 3, 1), (1, 3, 3)]",8.41
"[(1, 0, 4), (1, 1, 2), (1, 4, 1)]",8.843333333333334
"[(0, 4, 6), (1, 0, 4), (1, 1, 1)]",8.913333333333334
"[(0, 2, 4), (1, 0, 0), (1, 1, 4)]",8.856666666666667
"[(1, 2, 0), (1, 3, 3), (1, 4, 1)]",8.3
"[(0, 1, 4), (1, 2, 2), (1, 3, 4)]",9.723333333333333
"[(0, 4, 2), (1, 4, 1), (1, 4, 3)]",8.163333333333334
"[(1, 2, 1), (1, 3, 1), (1, 4, 2)]",8.95
"[(1, 0, 3), (1, 3, 1), (1, 4, 1)]",8.256666666666666
"[(0, 5, 2), (1, 2, 1), (1, 3, 0)]",9.196666666666667
"[(0, 4, 2), (1, 0, 0), (1, 1, 4)]",8.506666666666666
"[(0, 2, 4), (1, 2, 1), (1, 2, 3)]",9.32
"[(0, 1, 4), (1, 0, 2), (1, 3, 2)]",9.243333333333334
"[(1, 1, 0), (1, 3, 0), (1, 4, 1)]",8.363333333333333
"[(0, 1, 4), (1, 4, 1), (1, 4, 2)]",8.936666666666667
"[(1, 2, 1), (1, 2, 2), (1, 3, 2)]",9.296666666666667
"[(0, 5, 2), (1, 1, 4), (1, 4, 0)]",8.546666666666667
"[(0, 4, 2), (1, 1, 4), (1, 4, 0)]",8.506666666666666
"[(0, 5, 6), (1, 1, 1), (1, 1, 2)]",9.286666666666667
"[(1, 0, 2), (1, 2, 3), (1, 4, 0)]",8.35
"[(0, 1, 4), (1, 0, 4), (1, 1, 2)]",9.736666666666666
"[(0, 4, 2), (1, 1, 0), (1, 4, 3)]",8.31
"[(1, 1, 1), (1, 2, 0), (1, 3, 3)]",8.903333333333334
"[(0, 2, 4), (0, 5, 2), (1, 4, 4)]",8.603333333333333
"[(1, 0, 0), (1, 1, 4), (1, 2, 2)]",9.356666666666667
"[(1, 3, 1), (1, 4, 1), (1, 4, 2)]",8.07
"[(0, 1, 4), (1, 0, 1), (1, 4, 3)]",9.216666666666667
"[(1, 1, 4), (1, 2, 3), (1, 3, 2)]",8.77
"[(1, 0, 4), (1, 3, 2), (1, 4, 0)]",8.33
"[(1, 0, 4), (1, 3, 1), (1, 4, 3)]",8.423333333333334
"[(0, 5, 6), (1, 1, 2), (1, 2, 0)]",8.88
"[(0, 4, 2), (1, 1, 2), (1, 4, 4)]",8.643333333333333
"[(0, 1, 4), (1, 1, 2), (1, 4, 1)]",9.57
"[(0, 5, 2), (1, 2, 1), (1, 3, 0)]",9.196666666666667
"[(0, 4, 2), (1, 0, 0), (1, 4, 0)]",8.383333333333333
"[(0, 5, 6), (1, 3, 3), (1, 4, 3)]",8.42
"[(0, 5, 2), (1, 1, 0), (1, 2, 1)]",9.196666666666667
"[(0, 2, 4), (1, 1, 4), (1, 4, 0)]",8.67
"[(1, 1, 0), (1, 1, 1), (1, 4, 4)]",8.573333333333334
"[(0, 4, 2), (0, 5, 6), (1, 0, 1)]",8.553333333333333
"[(0, 1, 4), (1, 1, 4), (1, 2, 4)]",9.153333333333334
"[(1, 0, 3), (1, 3, 4), (1, 4, 1)]",8.32
"[(0, 4, 6), (1, 3, 3), (1, 4, 4)]",8.42
"[(0, 4, 6), (1, 1, 3), (1, 3, 1)]",9.033333333333333
"[(0, 4, 6), (1, 2, 4), (1, 3, 3)]",8.513333333333334
"[(1, 0, 0), (1, 2, 2), (1, 3, 1)]",9.146666666666667
"[(1, 0, 0), (1, 0, 1), (1, 3, 0)]",8.333333333333334
"[(1, 0, 0), (1, 1, 3), (1, 4, 1)]",8.813333333333333
"[(1, 0, 2), (1, 0, 4), (1, 4, 4)]",8.24
"[(0, 4, 6), (0, 5, 2), (1, 0, 2)]",8.573333333333334
"[(1, 3, 0), (1, 4, 0), (1, 4, 4)]",8.156666666666666
"[(0, 5, 6), (1, 2, 3), (1, 3, 1)]",9.023333333333333
"[(0, 1, 4), (1, 4, 0), (1, 4, 4)]",8.916666666666666
"[(1, 0, 3), (1, 2, 3), (1, 2, 4)]",8.66
"[(0, 2, 4), (0, 5, 6), (1, 4, 3)]",8.903333333333334
"[(0, 5, 2), (1, 0, 2), (1, 2, 1)]",9.0
"[(1, 3, 1), (1, 4, 0), (1, 4, 4)]",8.07
"[(1, 3, 2), (1, 4, 1), (1, 4, 2)]",8.07
"[(1, 0, 0), (1, 0, 3), (1, 2, 4)]",8.436666666666667
"[(1, 0, 4), (1, 1, 1), (1, 2, 1)]",9.323333333333334
"[(1, 1, 1), (1, 3, 0), (1, 3, 3)]",9.11
"[(0, 2, 4), (1, 1, 4), (1, 2, 4)]",8.71
"[(1, 2, 1), (1, 3, 2), (1, 3, 4)]",9.173333333333334
"[(0, 4, 6), (1, 1, 4), (1, 3, 3)]",8.71
"[(1, 0, 1), (1, 2, 1), (1, 3, 3)]",9.26
"[(1, 0, 4), (1, 3, 1), (1, 4, 3)]",8.423333333333334
"[(1, 1, 3), (1, 1, 4), (1, 2, 0)]",8.71
"[(1, 0, 1), (1, 0, 4), (1, 1, 1)]",8.833333333333334
"[(0, 5, 2), (1, 2, 2), (1, 4, 3)]",9.37
"[(0, 2, 4), (1, 2, 0), (1, 4, 4)]",8.596666666666666
"[(1, 1, 1), (1, 1, 4), (1, 3, 1)]",8.943333333333333
"[(0, 5, 6), (1, 2, 0), (1, 4, 2)]",8.513333333333334
"[(1, 0, 1), (1, 0, 2), (1, 4, 1)]",7.97
"[(0, 1, 4), (0, 4, 6), (0, 5, 2)]",9.53
"[(0, 4, 2), (1, 2, 1), (1, 2, 3)]",9.093333333333334
"[(1, 0, 1), (1, 2, 3), (1, 4, 4)]",8.37
"[(1, 0, 3), (1, 2, 0), (1, 2, 1)]",9.116666666666667
"[(1, 2, 4), (1, 3, 1), (1, 3, 2)]",8.203333333333333
"[(0, 5, 6), (1, 1, 4), (1, 4, 2)]",8.606666666666667
"[(1, 1, 3), (1, 2, 2), (1, 2, 3)]",9.536666666666667
"[(0, 5, 6), (1, 0, 2), (1, 0, 3)]",8.266666666666667
"[(1, 2, 0), (1, 2, 2), (1, 3, 3)]",9.21
"[(1, 0, 0), (1, 0, 1), (1, 4, 1)]",8.146666666666667
"[(1, 0, 2), (1, 1, 1), (1, 2, 4)]",8.676666666666666
"[(1, 0, 4), (1, 2, 3), (1, 4, 2)]",8.64
"[(0, 4, 6), (1, 2, 4), (1, 4, 3)]",8.423333333333334
"[(1, 1, 3), (1, 1, 4), (1, 2, 0)]",8.71
"[(0, 4, 2), (1, 0, 4), (1, 2, 3)]",8.966666666666667
"[(0, 1, 4), (1, 3, 2), (1, 4, 3)]",9.11
"[(0, 4, 2), (1, 0, 3), (1, 4, 3)]",8.31
"[(1, 1, 3), (1, 1, 4), (1, 4, 2)]",8.73
"[(1, 1, 4), (1, 2, 3), (1, 3, 4)]",8.71
"[(1, 1, 1), (1, 2, 1), (1, 3, 0)]",9.25
"[(0, 5, 2), (1, 1, 2), (1, 3, 1)]",9.276666666666667
"[(0, 5, 6), (1, 0, 4), (1, 1, 2)]",8.943333333333333
"[(1, 1, 0), (1, 1, 3), (1, 2, 4)]",8.926666666666666
"[(1, 1, 1), (1, 1, 2), (1, 1, 3)]",9.29
"[(0, 1, 4), (1, 0, 2), (1, 3, 2)]",9.243333333333334
"[(1, 1, 2), (1, 3, 0), (1, 4, 0)]",8.75
"[(1, 1, 1), (1, 2, 1), (1, 2, 4)]",9.156666666666666
"[(1, 0, 2), (1, 2, 1), (1, 3, 2)]",9.02
"[(0, 4, 2), (1, 1, 3), (1, 3, 0)]",8.893333333333333
"[(0, 4, 6), (1, 2, 4), (1, 4, 1)]",8.143333333333333
"[(0, 4, 6), (1, 1, 4), (1, 4, 3)]",8.62
"[(0, 5, 6), (1, 2, 1), (1, 3, 1)]",9.286666666666667
"[(1, 3, 0), (1, 3, 3), (1, 3, 4)]",8.61
"[(0, 2, 4), (1, 1, 1), (1, 4, 4)]",9.393333333333333
"[(0, 5, 6), (1, 0, 2), (1, 2, 3)]",8.47
"[(1, 0, 0), (1, 2, 2), (1, 3, 1)]",9.146666666666667
"[(1, 0, 1), (1, 0, 3), (1, 4, 3)]",8.24
"[(0, 4, 2), (1, 1, 1), (1, 3, 2)]",8.94
"[(0, 5, 2), (1, 1, 2), (1, 4, 4)]",8.683333333333334
"[(0, 5, 6), (1, 0, 1), (1, 0, 3)]",8.266666666666667
"[(1, 0, 4), (1, 1, 1), (1, 4, 1)]",8.853333333333333
"[(0, 1, 4), (1, 0, 2), (1, 3, 2)]",9.243333333333334
"[(1, 1, 2), (1, 3, 2), (1, 4, 4)]",8.643333333333333
"[(0, 4, 6), (0, 5, 2), (1, 0, 4)]",8.843333333333334
"[(1, 0, 1), (1, 1, 4), (1, 3, 4)]",8.31
"[(1, 2, 0), (1, 3, 1), (1, 3, 3)]",8.4
"[(0, 4, 6), (1, 1, 1), (1, 4, 3)]",8.933333333333334
"[(0, 5, 6), (1, 3, 4), (1, 4, 3)]",8.513333333333334
"[(0, 5, 2), (0, 5, 6), (1, 4, 0)]",9.11
"[(1, 0, 2), (1, 1, 4), (1, 2, 0)]",8.25
"[(1, 0, 3), (1, 2, 2), (1, 4, 2)]",9.076666666666666
"[(0, 4, 2), (0, 5, 6), (1, 0, 2)]",8.553333333333333
"[(0, 4, 6), (1, 2, 2), (1, 4, 0)]",8.9
"[(1, 2, 2), (1, 2, 4), (1, 4, 2)]",8.983333333333333
"[(0, 5, 6), (1, 2, 3), (1, 4, 1)]",8.47
"[(0, 5, 2), (1, 1, 1), (1, 4, 1)]",8.88
"[(1, 0, 3), (1, 2, 3), (1, 4, 0)]",8.546666666666667
"[(0, 4, 2), (1, 2, 2), (1, 3, 1)]",9.87
"[(1, 0, 2), (1, 0, 3), (1, 2, 2)]",9.066666666666666
"[(0, 2, 4), (1, 1, 4), (1, 4, 3)]",8.763333333333334
"[(1, 1, 2), (1, 1, 3), (1, 3, 3)]",8.913333333333334
"[(0, 5, 6), (1, 4, 2), (1, 4, 4)]",8.296666666666667
"[(0, 4, 2), (0, 4, 6), (1, 1, 1)]",9.166666666666666
"[(1, 1, 0), (1, 1, 3), (1, 2, 0)]",8.813333333333333
"[(1, 1, 2), (1, 1, 4), (1, 4, 3)]",8.74
"[(1, 2, 2), (1, 3, 2), (1, 4, 2)]",8.88
"[(1, 0, 1), (1, 2, 2), (1, 2, 3)]",8.983333333333333
"[(1, 0, 3), (1, 3, 2), (1, 4, 1)]",8.276666666666667
"[(1, 0, 2), (1, 1, 4), (1, 4, 3)]",8.343333333333334
"[(0, 4, 6), (1, 0, 0), (1, 1, 1)]",8.82
"[(1, 1, 1), (1, 2, 2), (1, 4, 3)]",9.576666666666666
"[(1, 0, 4), (1, 1, 2), (1, 3, 3)]",9.173333333333334
"[(0, 4, 6), (1, 3, 0), (1, 4, 2)]",8.276666666666667
"[(1, 1, 2), (1, 2, 3), (1, 3, 4)]",8.82
"[(0, 5, 6), (1, 1, 1), (1, 4, 1)]",8.683333333333334
"[(0, 5, 6), (1, 2, 4), (1, 3, 3)]",8.533333333333333
"[(1, 0, 3), (1, 2, 0), (1, 3, 1)]",8.256666666666666
"[(0, 4, 2), (1, 1, 1), (1, 4, 4)]",8.653333333333334
"[(1, 2, 2), (1, 2, 4), (1, 4, 4)]",8.993333333333334
"[(1, 1, 0), (1, 1, 3), (1, 4, 1)]",8.833333333333334
"[(0, 2, 4), (1, 0, 0), (1, 2, 0)]",8.763333333333334
"[(1, 0, 3), (1, 2, 1), (1, 3, 0)]",9.323333333333334
"[(1, 3, 3), (1, 4, 0), (1, 4, 1)]",8.3
"[(1, 0, 2), (1, 3, 0), (1, 3, 4)]",8.31
"[(0, 5, 2), (1, 2, 4), (1, 4, 1)]",8.39
"[(0, 4, 6), (0, 5, 2), (1, 2, 0)]",8.686666666666667
"[(1, 0, 2), (1, 1, 2), (1, 3, 3)]",8.893333333333333
"[(1, 0, 0), (1, 2, 0), (1, 2, 4)]",8.23
"[(0, 1, 4), (1, 1, 4), (1, 3, 2)]",9.263333333333334
"[(1, 1, 1), (1, 4, 0), (1, 4, 3)]",8.646666666666667
"[(1, 0, 0), (1, 2, 0), (1, 2, 3)]",8.526666666666667
"[(1, 0, 1), (1, 2, 4), (1, 3, 3)]",8.403333333333334
"[(0, 4, 2), (1, 0, 0), (1, 2, 3)]",8.873333333333333
"[(0, 5, 6), (1, 0, 2), (1, 2, 4)]",8.173333333333334
"[(0, 1, 4), (1, 1, 3), (1, 4, 4)]",9.51
"[(0, 1, 4), (0, 5, 2), (1, 0, 2)]",9.243333333333334
"[(0, 5, 6), (1, 0, 3), (1, 2, 0)]",8.473333333333333
"[(1, 1, 3), (1, 1, 4), (1, 4, 1)]",8.73
"[(0, 1, 4), (1, 2, 1), (1, 3, 1)]",9.63
"[(1, 1, 0), (1, 4, 0), (1, 4, 2)]",8.156666666666666
"[(1, 0, 3), (1, 2, 4), (1, 3, 3)]",8.6
"[(1, 2, 3), (1, 3, 1), (1, 4, 3)]",8.46
"[(0, 5, 6), (1, 1, 2), (1, 3, 0)]",8.87
"[(1, 0, 4), (1, 4, 2), (1, 4, 3)]",8.323333333333334
"[(1, 1, 4), (1, 2, 1), (1, 4, 2)]",9.24
"[(1, 2, 0), (1, 3, 0), (1, 4, 4)]",8.156666666666666
"[(0, 2, 4), (1, 4, 3), (1, 4, 4)]",8.576666666666666
"[(1, 2, 2), (1, 3, 1), (1, 3, 4)]",9.123333333333333
"[(1, 0, 4), (1, 4, 0), (1, 4, 3)]",8.303333333333333
"[(1, 1, 4), (1, 2, 2), (1, 3, 3)]",9.52
"[(1, 0, 4), (1, 1, 4), (1, 2, 3)]",8.65
"[(0, 1, 4), (0, 5, 6), (1, 0, 2)]",9.243333333333334
"[(1, 0, 2), (1, 2, 1), (1, 3, 2)]",9.02
"[(0, 4, 6), (1, 3, 1), (1, 4, 4)]",8.376666666666667
"[(1, 1, 3), (1, 2, 1), (1, 2, 2)]",9.933333333333334
"[(1, 0, 4), (1, 1, 1), (1, 2, 0)]",8.833333333333334
"[(1, 0, 1), (1, 0, 3), (1, 2, 1)]",9.116666666666667
"[(1, 3, 4), (1, 4, 3), (1, 4, 4)]",8.186666666666667
"[(1, 0, 1), (1, 3, 4), (1, 4, 2)]",8.123333333333333
"[(1, 1, 0), (1, 4, 0), (1, 4, 3)]",8.23
"[(1, 0, 2), (1, 1, 4), (1, 4, 4)]",8.27
"[(1, 3, 0), (1, 4, 3), (1, 4, 4)]",8.25
"[(1, 0, 0), (1, 3, 1), (1, 4, 0)]",8.236666666666666
"[(1, 1, 0), (1, 4, 3), (1, 4, 4)]",8.25
"[(1, 1, 1), (1, 3, 1), (1, 4, 3)]",8.726666666666667
"[(1, 1, 4), (1, 4, 1), (1, 4, 4)]",8.28
"[(1, 1, 1), (1, 2, 2), (1, 3, 2)]",9.503333333333334
"[(1, 0, 0), (1, 0, 1), (1, 4, 0)]",8.126666666666667
"[(0, 5, 2), (1, 0, 0), (1, 4, 0)]",8.423333333333334
"[(0, 4, 2), (1, 0, 0), (1, 0, 1)]",8.206666666666667
"[(1, 1, 2), (1, 2, 0), (1, 3, 4)]",8.706666666666667
"[(1, 1, 0), (1, 4, 0), (1, 4, 1)]",8.156666666666666
"[(1, 2, 2), (1, 4, 0), (1, 4, 4)]",8.88
"[(0, 1, 4), (1, 1, 2), (1, 1, 3)]",9.673333333333334
"[(1, 1, 4), (1, 2, 2), (1, 3, 3)]",9.52
"[(0, 5, 6), (1, 0, 3), (1, 1, 1)]",8.88
"[(1, 3, 0), (1, 4, 0), (1, 4, 1)]",8.156666666666666
"[(1, 0, 0), (1, 1, 0), (1, 2, 1)]",9.116666666666667
"[(0, 2, 4), (1, 1, 3), (1, 2, 3)]",9.16
"[(1, 0, 0), (1, 1, 3), (1, 3, 2)]",8.913333333333334
"[(1, 3, 0), (1, 3, 2), (1, 4, 4)]",8.276666666666667
"[(1, 1, 4), (1, 2, 4), (1, 3, 3)]",8.6
"[(0, 1, 4), (1, 0, 0), (1, 4, 0)]",8.99
"[(1, 0, 1), (1, 2, 3), (1, 4, 2)]",8.37
"[(0, 1, 4), (1, 2, 3), (1, 4, 4)]",9.346666666666666
"[(0, 5, 2), (1, 3, 0), (1, 3, 1)]",8.683333333333334
"[(1, 0, 2), (1, 3, 2), (1, 4, 1)]",8.08
"[(0, 5, 2), (1, 0, 1), (1, 0, 2)]",8.07
"[(1, 1, 2), (1, 2, 0), (1, 3, 3)]",8.893333333333333
"[(0, 5, 2), (1, 2, 4), (1, 4, 3)]",8.256666666666666
"[(0, 2, 4), (0, 5, 2), (1, 3, 1)]",9.196666666666667
"[(0, 4, 6), (1, 0, 2), (1, 4, 1)]",8.04
"[(0, 2, 4), (1, 0, 0), (1, 4, 1)]",8.67
"[(1, 2, 2), (1, 3, 3), (1, 3, 4)]",9.333333333333334
"[(0, 4, 6), (1, 4, 2), (1, 4, 4)]",8.09
"[(1, 0, 4), (1, 1, 2), (1, 3, 4)]",8.893333333333333
"[(1, 0, 1), (1, 1, 3), (1, 3, 4)]",8.78
"[(0, 5, 2), (1, 0, 2), (1, 4, 0)]",8.246666666666666
"[(1, 1, 1), (1, 2, 4), (1, 3, 0)]",8.873333333333333
"[(1, 0, 0), (1, 0, 4), (1, 3, 2)]",8.516666666666667
"[(0, 5, 2), (1, 3, 0), (1, 4, 4)]",8.276666666666667
"[(1, 0, 2), (1, 2, 1), (1, 4, 2)]",8.94
"[(0, 4, 2), (1, 2, 1), (1, 3, 3)]",9.3
"[(1, 0, 4), (1, 2, 1), (1, 3, 3)]",9.54
"[(1, 0, 3), (1, 1, 0), (1, 3, 4)]",8.506666666666666
"[(1, 0, 2), (1, 2, 4), (1, 4, 3)]",8.146666666666667
"[(1, 0, 4), (1, 2, 2), (1, 3, 3)]",9.49
"[(1, 3, 3), (1, 3, 4), (1, 4, 1)]",8.423333333333334
"[(0, 2, 4), (1, 1, 0), (1, 2, 0)]",8.68
"[(0, 1, 4), (1, 0, 2), (1, 1, 4)]",9.276666666666667
"[(0, 4, 2), (1, 4, 1), (1, 4, 4)]",8.09
"[(0, 5, 2), (1, 1, 0), (1, 2, 1)]",9.196666666666667
"[(0, 4, 6), (1, 3, 0), (1, 3, 3)]",8.606666666666667
"[(1, 0, 0), (1, 2, 3), (1, 3, 3)]",8.773333333333333
"[(1, 1, 0), (1, 2, 2), (1, 4, 0)]",9.066666666666666
"[(0, 5, 6), (1, 0, 0), (1, 4, 4)]",8.256666666666666
"[(0, 5, 6), (1, 0, 3), (1, 1, 0)]",8.463333333333333
"[(0, 5, 2), (1, 2, 0), (1, 2, 2)]",9.276666666666667
"[(1, 1, 1), (1, 2, 0), (1, 3, 0)]",8.76
"[(1, 1, 2), (1, 1, 3), (1, 3, 2)]",8.786666666666667
"[(0, 4, 6), (1, 2, 1), (1, 4, 1)]",9.246666666666666
"[(0, 1, 4), (1, 2, 4), (1, 3, 4)]",9.07
"[(1, 0, 1), (1, 0, 3), (1, 2, 2)]",9.076666666666666
"[(0, 4, 6), (1, 0, 4), (1, 1, 3)]",8.966666666666667
"[(1, 0, 3), (1, 3, 1), (1, 3, 3)]",8.606666666666667
"[(1, 1, 1), (1, 1, 4), (1, 2, 0)]",8.863333333333333
"[(1, 0, 2), (1, 1, 1), (1, 4, 4)]",8.583333333333334
"[(0, 2, 4), (1, 0, 2), (1, 2, 3)]",9.13
"[(0, 1, 4), (1, 0, 2), (1, 4, 3)]",9.216666666666667
"[(1, 1, 0), (1, 3, 4), (1, 4, 1)]",8.32
"[(1, 2, 1), (1, 3, 2), (1, 4, 3)]",9.103333333333333
"[(1, 1, 0), (1, 3, 0), (1, 4, 3)]",8.436666666666667
"[(0, 5, 2), (1, 3, 4), (1, 4, 0)]",8.4
"[(0, 4, 6), (1, 0, 0), (1, 1, 0)]",8.216666666666667
"[(0, 2, 4), (1, 3, 2), (1, 4, 4)]",8.603333333333333
"[(1, 1, 3), (1, 2, 2), (1, 4, 2)]",9.546666666666667
"[(1, 1, 1), (1, 1, 2), (1, 2, 2)]",9.636666666666667
"[(1, 2, 0), (1, 3, 4), (1, 4, 4)]",8.093333333333334
"[(1, 2, 2), (1, 3, 4), (1, 4, 0)]",9.023333333333333
"[(0, 4, 2), (1, 1, 1), (1, 3, 3)]",8.983333333333333
"[(0, 5, 6), (1, 3, 3), (1, 3, 4)]",8.543333333333333
"[(1, 1, 1), (1, 3, 4), (1, 4, 0)]",8.716666666666667
"[(0, 4, 6), (0, 5, 6), (1, 3, 2)]",8.673333333333334
"[(0, 4, 6), (1, 3, 4), (1, 4, 1)]",8.193333333333333
"[(0, 4, 2), (1, 3, 0), (1, 3, 1)]",8.663333333333334
"[(0, 4, 6), (1, 0, 3), (1, 1, 3)]",8.686666666666667
"[(1, 2, 1), (1, 2, 3), (1, 3, 0)]",9.26
"[(0, 5, 6), (1, 3, 3), (1, 4, 3)]",8.42
"[(0, 4, 6), (0, 5, 6), (1, 0, 2)]",8.06
"[(1, 0, 0), (1, 0, 2), (1, 2, 4)]",8.24
"[(0, 1, 4), (1, 1, 1), (1, 2, 3)]",9.673333333333334
"[(0, 1, 4), (1, 0, 1), (1, 4, 0)]",9.123333333333333
"[(1, 0, 4), (1, 1, 0), (1, 1, 3)]",9.093333333333334
"[(1, 3, 0), (1, 4, 0), (1, 4, 3)]",8.23
"[(0, 4, 2), (0, 5, 2), (1, 3, 0)]",8.256666666666666
"[(0, 5, 6), (1, 0, 4), (1, 3, 4)]",8.4
"[(1, 1, 4), (1, 2, 4), (1, 4, 2)]",8.27
"[(0, 4, 2), (1, 2, 3), (1, 4, 2)]",8.706666666666667
"[(1, 2, 1), (1, 3, 2), (1, 3, 3)]",9.36
"[(0, 4, 2), (1, 1, 0), (1, 1, 3)]",8.893333333333333
"[(0, 1, 4), (0, 4, 6), (1, 2, 1)]",9.936666666666667
"[(0, 1, 4), (1, 1, 3), (1, 2, 3)]",9.49
"[(1, 1, 3), (1, 1, 4), (1, 2, 2)]",9.64
"[(1, 1, 0), (1, 1, 3), (1, 4, 1)]",8.833333333333334
"[(1, 0, 3), (1, 2, 4), (1, 4, 2)]",8.27
"[(0, 5, 2), (1, 2, 1), (1, 4, 1)]",9.093333333333334
"[(1, 0, 4), (1, 2, 3), (1, 4, 3)]",8.62
"[(1, 0, 1), (1, 1, 0), (1, 4, 4)]",8.166666666666666
"[(1, 2, 0), (1, 3, 3), (1, 4, 3)]",8.28
"[(0, 1, 4), (1, 2, 2), (1, 2, 3)]",9.673333333333334
"[(0, 2, 4), (1, 3, 1), (1, 3, 2)]",8.623333333333333
"[(0, 5, 2), (1, 0, 4), (1, 2, 3)]",9.006666666666666
"[(0, 4, 2), (1, 0, 0), (1, 2, 4)]",8.31
"[(1, 1, 0), (1, 1, 2), (1, 3, 3)]",9.1
"[(1, 0, 0), (1, 1, 4), (1, 2, 0)]",8.426666666666666
"[(0, 1, 4), (1, 4, 1), (1, 4, 2)]",8.936666666666667
"[(0, 2, 4), (1, 0, 0), (1, 3, 1)]",8.77
"[(1, 1, 1), (1, 3, 2), (1, 4, 4)]",8.693333333333333
"[(1, 0, 4), (1, 4, 2), (1, 4, 3)]",8.323333333333334
"[(1, 0, 0), (1, 0, 3), (1, 3, 1)]",8.443333333333333
"[(0, 4, 6), (1, 0, 3), (1, 4, 3)]",8.516666666666667
"[(0, 2, 4), (1, 0, 0), (1, 1, 2)]",9.56
"[(1, 0, 0), (1, 3, 0), (1, 4, 4)]",8.343333333333334
"[(0, 5, 6), (1, 0, 2), (1, 0, 3)]",8.266666666666667
"[(0, 5, 2), (1, 1, 2), (1, 2, 3)]",8.92
"[(1, 1, 0), (1, 1, 4), (1, 3, 3)]",8.796666666666667
"[(1, 0, 3), (1, 2, 1), (1, 3, 4)]",9.28
"[(0, 1, 4), (1, 0, 3), (1, 1, 0)]",9.226666666666667
"[(1, 1, 4), (1, 2, 2), (1, 3, 2)]",9.19
"[(0, 5, 6), (1, 0, 3), (1, 3, 3)]",8.626666666666667
"[(1, 1, 0), (1, 1, 2), (1, 4, 0)]",8.75
"[(0, 4, 2), (0, 5, 2), (1, 2, 1)]",8.99
"[(1, 0, 1), (1, 3, 2), (1, 4, 0)]",8.06
"[(1, 0, 3), (1, 1, 2), (1, 3, 0)]",8.956666666666667
"[(0, 4, 6), (1, 2, 4), (1, 3, 1)]",8.47
"[(1, 2, 0), (1, 3, 0), (1, 4, 0)]",8.136666666666667
"[(1, 1, 3), (1, 2, 4), (1, 3, 0)]",8.926666666666666
"[(1, 1, 0), (1, 1, 4), (1, 4, 4)]",8.466666666666667
"[(1, 3, 2), (1, 4, 1), (1, 4, 4)]",8.09
"[(0, 1, 4), (0, 2, 4), (1, 4, 3)]",8.99
"[(0, 1, 4), (1, 0, 4), (1, 2, 4)]",9.133333333333333
"[(0, 1, 4), (1, 0, 3), (1, 3, 4)]",9.163333333333334
"[(0, 5, 2), (1, 0, 4), (1, 3, 4)]",8.4
"[(1, 1, 0), (1, 3, 0), (1, 3, 4)]",8.506666666666666
"[(0, 4, 6), (1, 4, 0), (1, 4, 1)]",8.03
"[(1, 0, 4), (1, 3, 2), (1, 4, 1)]",8.35
"[(0, 1, 4), (0, 5, 6), (1, 1, 1)]",9.65
"[(0, 4, 2), (1, 0, 0), (1, 3, 4)]",8.36
"[(0, 4, 6), (1, 1, 1), (1, 4, 1)]",8.653333333333334
"[(1, 0, 0), (1, 0, 3), (1, 2, 2)]",9.253333333333334
"[(1, 0, 1), (1, 3, 1), (1, 3, 3)]",8.41
"[(1, 1, 1), (1, 3, 1), (1, 4, 1)]",8.633333333333333
"[(0, 4, 6), (1, 0, 1), (1, 4, 0)]",8.02
"[(0, 5, 2), (1, 2, 1), (1, 3, 0)]",9.196666666666667
"[(0, 4, 6), (1, 2, 2), (1, 3, 1)]",9.103333333333333
"[(0, 4, 2), (1, 0, 1), (1, 0, 4)]",8.3
"[(1, 0, 1), (1, 1, 0), (1, 3, 3)]",8.496666666666666
"[(1, 0, 1), (1, 0, 2), (1, 4, 1)]",7.97
"[(0, 4, 6), (1, 0, 4), (1, 4, 0)]",8.29
"[(0, 5, 2), (1, 0, 4), (1, 4, 1)]",8.556666666666667
"[(1, 0, 2), (1, 0, 4), (1, 2, 2)]",9.14
"[(1, 0, 1), (1, 3, 3), (1, 4, 3)]",8.29
"[(0, 4, 6), (1, 3, 0), (1, 4, 4)]",8.236666666666666
"[(0, 4, 2), (1, 0, 3), (1, 4, 4)]",8.236666666666666
"[(1, 0, 0), (1, 2, 0), (1, 4, 1)]",8.136666666666667
"[(0, 2, 4), (1, 0, 2), (1, 1, 1)]",9.61
"[(1, 0, 3), (1, 3, 1), (1, 4, 0)]",8.256666666666666
"[(1, 1, 0), (1, 3, 3), (1, 4, 3)]",8.486666666666666
"[(1, 1, 2), (1, 2, 0), (1, 3, 4)]",8.706666666666667
"[(1, 0, 3), (1, 1, 0), (1, 4, 1)]",8.363333333333333
"[(0, 2, 4), (0, 5, 6), (1, 1, 2)]",9.493333333333334
"[(1, 0, 3), (1, 1, 4), (1, 4, 2)]",8.28
"[(1, 1, 2), (1, 2, 4), (1, 3, 3)]",9.006666666666666
"[(1, 2, 1), (1, 2, 3), (1, 4, 3)]",9.053333333333333
"[(1, 0, 1), (1, 2, 0), (1, 2, 4)]",8.053333333333333
"[(1, 0, 1), (1, 0, 4), (1, 1, 2)]",8.833333333333334
"[(1, 0, 0), (1, 0, 2), (1, 3, 4)]",8.29
"[(1, 1, 3), (1, 2, 4), (1, 4, 0)]",8.72
"[(1, 0, 0), (1, 1, 1), (1, 2, 1)]",9.23
"[(1, 1, 0), (1, 1, 1), (1, 2, 1)]",9.146666666666667
"[(0, 1, 4), (1, 2, 4), (1, 4, 2)]",9.06
"[(1, 0, 1), (1, 3, 4), (1, 4, 3)]",8.196666666666667
"[(1, 2, 1), (1, 3, 3), (1, 4, 0)]",9.26
"[(0, 4, 6), (1, 3, 1), (1, 4, 2)]",8.406666666666666
"[(0, 2, 4), (1, 2, 0), (1, 4, 3)]",8.67
"[(1, 0, 4), (1, 2, 3), (1, 3, 0)]",8.826666666666666
"[(1, 3, 1), (1, 3, 2), (1, 3, 4)]",8.253333333333334
"[(1, 0, 1), (1, 2, 2), (1, 3, 0)]",9.076666666666666
"[(1, 0, 1), (1, 0, 4), (1, 4, 0)]",8.22
"[(1, 1, 4), (1, 2, 0), (1, 2, 1)]",9.22
"[(1, 0, 2), (1, 1, 0), (1, 4, 0)]",8.146666666666667
"[(0, 5, 2), (1, 3, 3), (1, 4, 3)]",8.4
"[(1, 0, 1), (1, 1, 3), (1, 4, 3)]",8.616666666666667
"[(1, 0, 0), (1, 0, 3), (1, 2, 4)]",8.436666666666667
"[(1, 0, 4), (1, 2, 2), (1, 2, 4)]",9.16
"[(1, 0, 0), (1, 0, 4), (1, 1, 2)]",9.01
"[(0, 2, 4), (0, 4, 2), (1, 4, 4)]",8.563333333333333
"[(1, 0, 1), (1, 1, 1), (1, 4, 0)]",8.553333333333333
"[(1, 0, 4), (1, 2, 1), (1, 3, 0)]",9.396666666666667
"[(1, 0, 1), (1, 1, 0), (1, 4, 1)]",8.166666666666666
"[(1, 0, 3), (1, 1, 2), (1, 4, 0)]",8.75
"[(1, 0, 4), (1, 3, 1), (1, 4, 4)]",8.35
"[(0, 1, 4), (0, 2, 4), (1, 0, 2)]",9.123333333333333
"[(1, 1, 4), (1, 2, 0), (1, 4, 1)]",8.26
"[(1, 0, 0), (1, 1, 3), (1, 4, 2)]",8.813333333333333
"[(1, 1, 1), (1, 3, 2), (1, 4, 4)]",8.693333333333333
"[(0, 5, 2), (1, 0, 3), (1, 0, 4)]",8.35
"[(1, 0, 3), (1, 2, 0), (1, 2, 2)]",9.066666666666666
"[(0, 1, 4), (0, 4, 2), (1, 0, 2)]",9.203333333333333
"[(1, 0, 1), (1, 2, 3), (1, 2, 4)]",8.463333333333333
"[(1, 0, 2), (1, 3, 3), (1, 4, 2)]",8.31
"[(1, 0, 0), (1, 1, 2), (1, 2, 2)]",9.2
"[(1, 1, 0), (1, 2, 4), (1, 4, 4)]",8.27
"[(0, 4, 6), (0, 5, 6), (1, 2, 1)]",9.276666666666667
"[(1, 3, 0), (1, 3, 2), (1, 4, 1)]",8.276666666666667
"[(0, 5, 6), (1, 2, 4), (1, 4, 4)]",8.183333333333334
"[(0, 4, 2), (1, 3, 1), (1, 3, 4)]",8.826666666666666
"[(0, 2, 4), (0, 5, 6), (1, 2, 1)]",9.543333333333333
"[(1, 0, 0), (1, 1, 2), (1, 3, 3)]",9.08
"[(1, 0, 3), (1, 3, 1), (1, 4, 0)]",8.256666666666666
"[(1, 2, 0), (1, 3, 4), (1, 4, 3)]",8.186666666666667
"[(1, 1, 1), (1, 1, 2), (1, 1, 3)]",9.29
"[(1, 0, 3), (1, 4, 0), (1, 4, 1)]",8.156666666666666
"[(0, 5, 6), (1, 1, 4), (1, 3, 0)]",8.566666666666666
"[(0, 5, 2), (1, 0, 2), (1, 1, 0)]",8.266666666666667
"[(0, 2, 4), (1, 3, 2), (1, 4, 0)]",8.583333333333334
"[(0, 2, 4), (1, 3, 1), (1, 3, 4)]",8.746666666666666
"[(0, 1, 4), (1, 1, 0), (1, 3, 1)]",9.243333333333334
"[(1, 1, 4), (1, 2, 4), (1, 3, 2)]",8.37
"[(0, 4, 6), (1, 0, 0), (1, 0, 1)]",8.206666666666667
"[(0, 1, 4), (1, 1, 2), (1, 2, 4)]",9.693333333333333
"[(0, 4, 6), (1, 3, 0), (1, 4, 2)]",8.276666666666667
"[(1, 2, 2), (1, 3, 3), (1, 4, 3)]",9.21
"[(0, 5, 6), (1, 2, 2), (1, 4, 3)]",9.24
"[(1, 0, 4), (1, 2, 3), (1, 3, 0)]",8.826666666666666
"[(1, 2, 4), (1, 4, 0), (1, 4, 1)]",8.063333333333333
"[(0, 2, 4), (1, 2, 1), (1, 3, 4)]",9.34
"[(1, 0, 2), (1, 1, 4), (1, 4, 4)]",8.27
"[(0, 4, 2), (1, 0, 3), (1, 1, 2)]",8.83
"[(1, 3, 4), (1, 4, 2), (1, 4, 4)]",8.113333333333333
"[(0, 2, 4), (1, 2, 0), (1, 2, 1)]",9.176666666666666
"[(1, 0, 2), (1, 2, 0), (1, 3, 3)]",8.29
"[(1, 4, 0), (1, 4, 2), (1, 4, 4)]",7.97
"[(1, 2, 4), (1, 3, 0), (1, 4, 0)]",8.25
"[(1, 0, 0), (1, 2, 0), (1, 2, 2)]",9.046666666666667
"[(1, 0, 3), (1, 3, 0), (1, 4, 1)]",8.363333333333333
"[(0, 4, 2), (0, 4, 6), (1, 3, 4)]",8.686666666666667
"[(0, 2, 4), (1, 0, 3), (1, 0, 4)]",8.763333333333334
"[(0, 1, 4), (1, 4, 0), (1, 4, 4)]",8.916666666666666
"[(0, 4, 2), (1, 0, 3), (1, 3, 0)]",8.423333333333334
"[(0, 1, 4), (1, 0, 0), (1, 1, 1)]",9.623333333333333
"[(1, 0, 0), (1, 1, 0), (1, 3, 2)]",8.256666666666666
"[(0, 1, 4), (0, 4, 2), (1, 1, 2)]",9.63
"[(0, 4, 6), (0, 5, 6), (1, 2, 0)]",8.266666666666667
"[(0, 5, 2), (1, 1, 3), (1, 3, 2)]",9.32
"[(1, 0, 2), (1, 2, 3), (1, 4, 0)]",8.35
"[(0, 2, 4), (1, 4, 0), (1, 4, 1)]",8.483333333333333
"[(1, 0, 1), (1, 3, 1), (1, 4, 0)]",8.06
"[(0, 4, 2), (1, 0, 2), (1, 1, 2)]",8.623333333333333
"[(0, 5, 2), (1, 2, 4), (1, 3, 4)]",8.213333333333333
"[(1, 1, 0), (1, 1, 2), (1, 3, 1)]",8.87
"[(0, 4, 2), (1, 2, 4), (1, 4, 2)]",8.143333333333333
"[(0, 1, 4), (1, 2, 0), (1, 4, 3)]",9.103333333333333
"[(0, 2, 4), (0, 5, 6), (1, 0, 2)]",8.82
"[(0, 4, 6), (1, 0, 2), (1, 4, 0)]",8.02
"[(1, 0, 1), (1, 0, 4), (1, 3, 1)]",8.34
"[(0, 2, 4), (1, 0, 0), (1, 1, 2)]",9.56
"[(1, 1, 2), (1, 2, 1), (1, 4, 0)]",9.523333333333333
"[(0, 5, 2), (1, 3, 1), (1, 4, 2)]",8.673333333333334
"[(0, 4, 2), (0, 5, 2), (1, 1, 3)]",8.726666666666667
"[(1, 0, 1), (1, 1, 1), (1, 3, 4)]",8.716666666666667
"[(1, 0, 0), (1, 1, 2), (1, 4, 4)]",8.75
"[(0, 1, 4), (1, 3, 4), (1, 4, 2)]",9.08
"[(1, 1, 0), (1, 1, 1), (1, 2, 1)]",9.146666666666667
"[(0, 1, 4), (0, 5, 2), (1, 0, 2)]",9.243333333333334
"[(1, 2, 1), (1, 2, 2), (1, 4, 2)]",9.276666666666667
"[(0, 1, 4), (1, 1, 1), (1, 3, 3)]",9.88
"[(0, 2, 4), (1, 2, 1), (1, 4, 1)]",9.186666666666667
"[(1, 2, 3), (1, 3, 1), (1, 3, 4)]",8.623333333333333
"[(0, 2, 4), (1, 1, 1), (1, 2, 2)]",9.893333333333333
"[(1, 0, 2), (1, 0, 3), (1, 0, 4)]",8.24
"[(0, 2, 4), (0, 4, 2), (1, 4, 4)]",8.563333333333333
"[(0, 1, 4), (1, 0, 4), (1, 1, 0)]",9.31
"[(1, 0, 3), (1, 2, 2), (1, 4, 3)]",9.16
"[(1, 0, 0), (1, 3, 4), (1, 4, 4)]",8.28
"[(0, 5, 6), (1, 1, 2), (1, 4, 0)]",8.663333333333334
"[(0, 1, 4), (1, 0, 2), (1, 3, 4)]",9.286666666666667
"[(1, 0, 3), (1, 0, 4), (1, 1, 1)]",8.853333333333333
"[(0, 5, 2), (1, 4, 3), (1, 4, 4)]",8.163333333333334
"[(1, 1, 3), (1, 3, 0), (1, 4, 3)]",8.813333333333333
"[(0, 1, 4), (0, 4, 6), (1, 2, 1)]",9.936666666666667
"[(1, 2, 1), (1, 4, 1), (1, 4, 3)]",9.013333333333334
"[(1, 1, 1), (1, 1, 3), (1, 3, 4)]",9.393333333333333
"[(0, 4, 2), (1, 0, 2), (1, 2, 2)]",9.236666666666666
"[(0, 5, 6), (1, 0, 1), (1, 1, 3)]",8.736666666666666
"[(0, 5, 2), (1, 0, 2), (1, 4, 4)]",8.08
"[(1, 1, 1), (1, 2, 1), (1, 2, 3)]",9.31
"[(1, 2, 0), (1, 2, 3), (1, 4, 3)]",8.34
"[(1, 0, 0), (1, 1, 0), (1, 1, 2)]",8.75
"[(1, 0, 4), (1, 1, 1), (1, 4, 4)]",8.853333333333333
"[(0, 4, 2), (1, 3, 4), (1, 4, 1)]",8.233333333333333
"[(0, 4, 6), (1, 2, 0), (1, 2, 2)]",8.9
"[(1, 1, 2), (1, 2, 4), (1, 3, 2)]",8.736666666666666
"[(0, 5, 6), (1, 2, 4), (1, 3, 0)]",8.37
"[(1, 0, 1), (1, 1, 4), (1, 2, 0)]",8.25
"[(1, 2, 4), (1, 4, 1), (1, 4, 3)]",8.156666666666666
"[(0, 5, 6), (1, 0, 4), (1, 3, 2)]",8.913333333333334
"[(0, 5, 2), (1, 0, 0), (1, 2, 2)]",9.463333333333333
"[(0, 4, 6), (1, 2, 1), (1, 4, 4)]",9.256666666666666
"[(0, 2, 4), (1, 1, 1), (1, 2, 2)]",9.893333333333333
"[(1, 3, 0), (1, 4, 1), (1, 4, 3)]",8.25
"[(1, 4, 0), (1, 4, 2), (1, 4, 4)]",7.97
"[(1, 0, 2), (1, 1, 2), (1, 2, 1)]",9.523333333333333
"[(1, 2, 1), (1, 3, 1), (1, 4, 2)]",8.95
"[(1, 0, 2), (1, 1, 1), (1, 4, 2)]",8.583333333333334
"[(1, 3, 2), (1, 4, 2), (1, 4, 4)]",8.07
"[(0, 2, 4), (0, 4, 2), (1, 4, 0)]",8.73
"[(1, 0, 3), (1, 4, 1), (1, 4, 4)]",8.176666666666666
"[(1, 1, 1), (1, 4, 3), (1, 4, 4)]",8.666666666666666
"[(1, 0, 1), (1, 0, 3), (1, 4, 3)]",8.24
"[(0, 4, 6), (1, 0, 4), (1, 4, 4)]",8.31
"[(1, 0, 3), (1, 0, 4), (1, 3, 1)]",8.35
"[(0, 4, 6), (0, 5, 6), (1, 2, 2)]",8.94
"[(1, 0, 1), (1, 1, 1), (1, 1, 2)]",9.166666666666666
"[(1, 0, 1), (1, 1, 2), (1, 3, 1)]",8.673333333333334
"[(1, 0, 2), (1, 4, 0), (1, 4, 3)]",8.033333333333333
"[(1, 2, 1), (1, 2, 4), (1, 4, 4)]",9.043333333333333
"[(1, 2, 3), (1, 2, 4), (1, 3, 3)]",8.7
"[(0, 5, 6), (1, 0, 1), (1, 2, 3)]",8.47
"[(1, 2, 0), (1, 2, 4), (1, 4, 2)]",8.063333333333333
"[(1, 0, 3), (1, 2, 3), (1, 4, 1)]",8.566666666666666
"[(0, 5, 6), (1, 0, 3), (1, 4, 3)]",8.576666666666666
"[(0, 5, 6), (1, 0, 2), (1, 1, 2)]",8.663333333333334
"[(0, 2, 4), (1, 0, 1), (1, 3, 2)]",8.8
"[(1, 3, 1), (1, 4, 0), (1, 4, 1)]",8.05
"[(1, 2, 0), (1, 4, 1), (1, 4, 4)]",7.97
"[(1, 2, 0), (1, 2, 3), (1, 4, 3)]",8.34
"[(1, 0, 4), (1, 2, 3), (1, 4, 1)]",8.64
"[(1, 0, 1), (1, 1, 2), (1, 2, 2)]",9.023333333333333
"[(0, 1, 4), (1, 0, 1), (1, 2, 0)]",9.236666666666666
"[(0, 1, 4), (1, 1, 0), (1, 2, 2)]",9.673333333333334
"[(0, 1, 4), (1, 1, 2), (1, 3, 2)]",9.61
"[(0, 4, 6), (0, 5, 6), (1, 3, 0)]",8.256666666666666
"[(0, 5, 6), (1, 1, 4), (1, 4, 1)]",8.37
"[(1, 0, 3), (1, 1, 1), (1, 3, 3)]",9.11
"[(1, 0, 3), (1, 1, 0), (1, 1, 3)]",8.813333333333333
"[(1, 1, 2), (1, 3, 3), (1, 4, 0)]",8.893333333333333
"[(1, 0, 1), (1, 3, 2), (1, 4, 4)]",8.08
"[(0, 5, 2), (1, 1, 2), (1, 2, 3)]",8.92
"[(0, 5, 6), (1, 1, 0), (1, 2, 3)]",8.666666666666666
"[(0, 2, 4), (1, 0, 3), (1, 3, 2)]",8.79
"[(0, 4, 2), (1, 0, 1), (1, 3, 3)]",8.37
"[(1, 0, 1), (1, 3, 3), (1, 4, 4)]",8.31
"[(1, 0, 4), (1, 4, 1), (1, 4, 4)]",8.25
"[(0, 2, 4), (1, 1, 0), (1, 3, 4)]",8.73
"[(1, 1, 3), (1, 2, 0), (1, 3, 3)]",8.853333333333333
"[(0, 4, 6), (1, 1, 0), (1, 3, 4)]",8.38
"[(0, 4, 2), (1, 3, 0), (1, 3, 2)]",8.316666666666666
"[(1, 1, 2), (1, 3, 0), (1, 3, 4)]",8.913333333333334
"[(1, 0, 4), (1, 2, 1), (1, 3, 3)]",9.54
"[(0, 1, 4), (1, 3, 1), (1, 3, 2)]",9.056666666666667
"[(0, 2, 4), (1, 1, 0), (1, 2, 3)]",8.996666666666666
"[(1, 0, 2), (1, 0, 3), (1, 2, 3)]",8.556666666666667
"[(1, 0, 3), (1, 2, 0), (1, 3, 1)]",8.256666666666666
"[(0, 4, 6), (1, 0, 4), (1, 3, 3)]",8.68
"[(0, 1, 4), (0, 4, 6), (1, 4, 2)]",9.036666666666667
"[(0, 1, 4), (0, 5, 6), (1, 3, 3)]",9.386666666666667
"[(0, 2, 4), (1, 1, 2), (1, 2, 4)]",9.516666666666667
"[(1, 1, 1), (1, 2, 2), (1, 3, 0)]",9.69
"[(1, 2, 0), (1, 4, 2), (1, 4, 3)]",8.043333333333333
"[(0, 1, 4), (1, 0, 2), (1, 1, 4)]",9.276666666666667
"[(1, 0, 3), (1, 0, 4), (1, 1, 1)]",8.853333333333333
"[(0, 5, 2), (1, 1, 2), (1, 3, 2)]",8.98
"[(1, 1, 3), (1, 2, 2), (1, 4, 0)]",9.536666666666667
"[(0, 1, 4), (1, 3, 1), (1, 4, 1)]",9.016666666666667
"[(0, 2, 4), (1, 0, 4), (1, 1, 3)]",9.296666666666667
"[(1, 0, 1), (1, 3, 1), (1, 3, 3)]",8.41
"[(0, 4, 6), (1, 0, 0), (1, 3, 3)]",8.586666666666666
"[(0, 5, 6), (1, 0, 4), (1, 2, 2)]",9.22
"[(1, 0, 1), (1, 1, 1), (1, 3, 2)]",8.673333333333334
"[(1, 0, 3), (1, 2, 1), (1, 2, 2)]",9.463333333333333
"[(0, 1, 4), (0, 5, 2), (0, 5, 6)]",9.983333333333333
"[(0, 1, 4), (0, 5, 6), (1, 0, 2)]",9.243333333333334
"[(1, 0, 2), (1, 0, 4), (1, 1, 4)]",8.25
"[(1, 1, 3), (1, 2, 4), (1, 4, 1)]",8.74
"[(1, 2, 4), (1, 3, 1), (1, 4, 1)]",8.163333333333334
"[(0, 2, 4), (1, 1, 0), (1, 3, 4)]",8.73
"[(0, 2, 4), (1, 0, 4), (1, 3, 4)]",8.813333333333333
"[(0, 1, 4), (1, 3, 0), (1, 3, 3)]",9.453333333333333
"[(0, 5, 2), (1, 0, 2), (1, 0, 4)]",8.34
"[(1, 0, 1), (1, 2, 3), (1, 2, 4)]",8.463333333333333
"[(1, 3, 0), (1, 3, 4), (1, 4, 0)]",8.3
"[(1, 0, 4), (1, 2, 2), (1, 3, 1)]",9.24
"[(0, 5, 2), (1, 1, 3), (1, 2, 0)]",8.726666666666667
"[(1, 0, 3), (1, 1, 1), (1, 3, 0)]",8.966666666666667
"[(1, 1, 4), (1, 2, 2), (1, 4, 0)]",9.17
"[(1, 1, 3), (1, 2, 2), (1, 3, 2)]",9.556666666666667
"[(0, 2, 4), (1, 3, 1), (1, 4, 1)]",8.583333333333334
"[(1, 3, 0), (1, 3, 2), (1, 3, 4)]",8.42
"[(1, 0, 1), (1, 0, 2), (1, 1, 4)]",8.26
"[(1, 0, 3), (1, 1, 4), (1, 3, 0)]",8.466666666666667
"[(0, 4, 2), (1, 0, 2), (1, 4, 0)]",8.206666666666667
"[(1, 0, 4), (1, 2, 1), (1, 2, 4)]",9.21
"[(0, 1, 4), (1, 2, 0), (1, 4, 4)]",9.03
"[(1, 0, 2), (1, 1, 1), (1, 4, 0)]",8.563333333333333
"[(1, 2, 0), (1, 3, 0), (1, 3, 1)]",8.256666666666666
"[(1, 1, 1), (1, 3, 0), (1, 4, 3)]",8.853333333333333
"[(1, 0, 0), (1, 0, 1), (1, 0, 3)]",8.333333333333334
"[(1, 0, 4), (1, 1, 2), (1, 4, 2)]",8.843333333333334
"[(1, 2, 4), (1, 3, 1), (1, 4, 1)]",8.163333333333334
"[(1, 3, 1), (1, 3, 4), (1, 4, 4)]",8.213333333333333
"[(1, 3, 1), (1, 4, 3), (1, 4, 4)]",8.163333333333334
"[(1, 0, 1), (1, 0, 4), (1, 1, 2)]",8.833333333333334
"[(0, 1, 4), (0, 5, 2), (1, 2, 2)]",9.976666666666667
"[(1, 0, 3), (1, 2, 1), (1, 4, 0)]",9.116666666666667
"[(0, 4, 6), (0, 5, 2), (1, 3, 3)]",9.19
"[(1, 0, 1), (1, 1, 4), (1, 4, 0)]",8.25
"[(1, 0, 1), (1, 0, 2), (1, 4, 4)]",7.97
"[(0, 5, 2), (1, 2, 2), (1, 3, 2)]",9.286666666666667
"[(0, 5, 2), (1, 1, 0), (1, 1, 1)]",8.673333333333334
"[(1, 0, 2), (1, 1, 3), (1, 2, 3)]",8.616666666666667
"[(1, 0, 1), (1, 2, 3), (1, 3, 2)]",8.47
"[(0, 4, 6), (0, 5, 6), (1, 0, 3)]",8.256666666666666
"[(1, 1, 1), (1, 1, 2), (1, 1, 4)]",9.27
"[(0, 4, 2), (1, 1, 3), (1, 3, 2)]",8.993333333333334
"[(1, 0, 1), (1, 0, 4), (1, 2, 2)]",9.15
"[(1, 0, 1), (1, 1, 3), (1, 3, 0)]",8.823333333333334
"[(0, 5, 6), (1, 1, 0), (1, 4, 2)]",8.503333333333334
"[(1, 0, 1), (1, 0, 4), (1, 1, 4)]",8.25
"[(1, 1, 1), (1, 1, 4), (1, 2, 2)]",9.793333333333333
"[(1, 1, 0), (1, 2, 0), (1, 3, 0)]",8.343333333333334
"[(0, 4, 6), (1, 2, 1), (1, 3, 1)]",9.236666666666666
"[(0, 4, 6), (1, 1, 1), (1, 4, 3)]",8.933333333333334
"[(1, 2, 3), (1, 3, 1), (1, 4, 3)]",8.46
"[(1, 0, 1), (1, 3, 0), (1, 4, 3)]",8.24
"[(1, 2, 2), (1, 3, 4), (1, 4, 4)]",9.023333333333333
"[(1, 0, 4), (1, 2, 3), (1, 3, 0)]",8.826666666666666
"[(1, 1, 0), (1, 1, 3), (1, 3, 0)]",9.02
"[(0, 1, 4), (1, 2, 2), (1, 4, 2)]",9.57
"[(1, 1, 3), (1, 4, 0), (1, 4, 3)]",8.606666666666667
"[(1, 1, 3), (1, 1, 4), (1, 2, 4)]",8.72
"[(1, 0, 3), (1, 4, 0), (1, 4, 4)]",8.156666666666666
"[(1, 0, 3), (1, 2, 1), (1, 4, 2)]",9.136666666666667
"[(1, 0, 1), (1, 0, 2), (1, 3, 2)]",8.07
"[(1, 2, 4), (1, 3, 0), (1, 3, 4)]",8.3
"[(0, 4, 6), (1, 1, 1), (1, 1, 2)]",9.246666666666666
"[(0, 5, 6), (1, 2, 2), (1, 4, 2)]",9.053333333333333
"[(0, 4, 2), (1, 3, 0), (1, 4, 3)]",8.31
"[(1, 4, 1), (1, 4, 3), (1, 4, 4)]",8.063333333333333
"[(1, 3, 1), (1, 3, 4), (1, 4, 4)]",8.213333333333333
"[(0, 5, 2), (1, 0, 2), (1, 4, 3)]",8.153333333333334
"[(0, 2, 4), (1, 0, 4), (1, 4, 2)]",8.763333333333334
"[(0, 1, 4), (0, 5, 6), (1, 4, 3)]",9.336666666666666
"[(0, 4, 6), (1, 4, 1), (1, 4, 3)]",8.33
"[(0, 4, 2), (1, 0, 3), (1, 2, 0)]",8.216666666666667
"[(1, 0, 0), (1, 1, 2), (1, 2, 3)]",8.843333333333334
"[(1, 0, 1), (1, 1, 0), (1, 2, 4)]",8.26
"[(0, 4, 6), (1, 1, 2), (1, 3, 0)]",8.83
"[(0, 4, 6), (1, 4, 0), (1, 4, 3)]",8.31
"[(0, 4, 2), (1, 2, 0), (1, 4, 0)]",8.196666666666667
"[(1, 1, 3), (1, 1, 4), (1, 3, 1)]",8.83
"[(1, 0, 1), (1, 0, 3), (1, 1, 2)]",8.76
"[(0, 1, 4), (0, 4, 6), (1, 0, 2)]",9.203333333333333
"[(1, 1, 4), (1, 2, 3), (1, 3, 2)]",8.77
"[(1, 0, 2), (1, 1, 3), (1, 3, 3)]",8.863333333333333
"[(0, 1, 4), (0, 4, 2), (1, 0, 4)]",9.163333333333334
"[(1, 2, 4), (1, 3, 2), (1, 3, 3)]",8.513333333333334
"[(0, 4, 6), (1, 1, 4), (1, 2, 4)]",8.33
"[(0, 2, 4), (1, 1, 1), (1, 2, 1)]",9.576666666666666
"[(1, 0, 4), (1, 3, 3), (1, 3, 4)]",8.59
"[(0, 1, 4), (1, 0, 1), (1, 4, 0)]",9.123333333333333
"[(0, 4, 2), (1, 0, 1), (1, 1, 2)]",8.633333333333333
"[(1, 0, 0), (1, 0, 4), (1, 3, 2)]",8.516666666666667
"[(0, 2, 4), (1, 1, 4), (1, 2, 0)]",8.783333333333333
"[(1, 1, 3), (1, 3, 2), (1, 4, 4)]",8.746666666666666
"[(0, 4, 2), (1, 0, 4), (1, 1, 1)]",8.913333333333334
"[(1, 1, 1), (1, 3, 0), (1, 4, 0)]",8.76
"[(1, 1, 0), (1, 2, 1), (1, 3, 4)]",9.28
"[(1, 0, 2), (1, 1, 1), (1, 2, 1)]",9.053333333333333
"[(0, 2, 4), (1, 0, 3), (1, 4, 4)]",8.69
"[(1, 0, 0), (1, 1, 4), (1, 4, 3)]",8.52
"[(0, 4, 2), (1, 0, 2), (1, 3, 2)]",8.326666666666666
"[(0, 4, 6), (1, 3, 3), (1, 4, 0)]",8.4
"[(1, 1, 4), (1, 3, 2), (1, 4, 4)]",8.38
"[(0, 2, 4), (1, 2, 4), (1, 4, 2)]",8.626666666666667
"[(1, 3, 0), (1, 3, 1), (1, 4, 2)]",8.276666666666667
"[(0, 5, 6), (1, 0, 4), (1, 3, 3)]",8.7
"[(0, 2, 4), (1, 3, 4), (1, 4, 0)]",8.626666666666667
"[(1, 0, 2), (1, 3, 1), (1, 4, 4)]",8.08
"[(0, 2, 4), (1, 1, 0), (1, 4, 3)]",8.66
"[(1, 2, 0), (1, 3, 1), (1, 4, 3)]",8.143333333333333
"[(0, 4, 6), (1, 3, 3), (1, 4, 2)]",8.46
"[(0, 5, 2), (1, 1, 4), (1, 4, 0)]",8.546666666666667
"[(1, 0, 2), (1, 1, 0), (1, 4, 4)]",8.166666666666666
"[(1, 1, 1), (1, 2, 1), (1, 3, 4)]",9.206666666666667
"[(1, 0, 4), (1, 2, 2), (1, 3, 2)]",9.16
"[(1, 1, 3), (1, 3, 0), (1, 4, 2)]",8.833333333333334
"[(0, 5, 6), (1, 0, 2), (1, 3, 3)]",8.43
"[(1, 0, 3), (1, 1, 0), (1, 3, 3)]",8.693333333333333
"[(0, 4, 2), (0, 4, 6), (1, 2, 0)]",8.656666666666666
"[(0, 5, 2), (1, 0, 2), (1, 2, 1)]",9.0
"[(1, 0, 0), (1, 1, 4), (1, 2, 3)]",8.836666666666666
"[(0, 2, 4), (1, 1, 4), (1, 4, 2)]",8.69
"[(1, 1, 2), (1, 4, 3), (1, 4, 4)]",8.656666666666666
"[(1, 3, 1), (1, 3, 2), (1, 3, 3)]",8.44
"[(0, 5, 2), (1, 0, 0), (1, 0, 1)]",8.246666666666666
"[(0, 1, 4), (0, 4, 6), (1, 1, 1)]",9.61
"[(0, 1, 4), (1, 2, 1), (1, 3, 3)]",9.96
"[(1, 1, 4), (1, 2, 1), (1, 3, 2)]",9.32
"[(0, 1, 4), (0, 5, 6), (1, 0, 2)]",9.243333333333334
"[(0, 2, 4), (1, 1, 4), (1, 4, 1)]",8.69
"[(1, 0, 0), (1, 3, 0), (1, 3, 3)]",8.673333333333334
"[(1, 0, 0), (1, 3, 1), (1, 4, 1)]",8.236666666666666
"[(1, 0, 0), (1, 2, 1), (1, 4, 3)]",9.19
"[(1, 0, 4), (1, 1, 3), (1, 2, 1)]",9.866666666666667
"[(0, 5, 2), (1, 2, 4), (1, 3, 1)]",8.776666666666667
"[(1, 0, 4), (1, 1, 1), (1, 2, 0)]",8.833333333333334
"[(1, 2, 2), (1, 3, 1), (1, 4, 3)]",9.053333333333333
"[(0, 1, 4), (1, 1, 4), (1, 4, 2)]",9.163333333333334
"[(0, 5, 6), (1, 1, 0), (1, 2, 3)]",8.666666666666666
"[(0, 2, 4), (1, 0, 2), (1, 2, 0)]",8.813333333333333
"[(1, 0, 3), (1, 1, 2), (1, 4, 2)]",8.77
"[(0, 5, 2), (1, 0, 4), (1, 4, 1)]",8.556666666666667
"[(1, 0, 1), (1, 3, 0), (1, 4, 1)]",8.166666666666666
"[(1, 1, 0), (1, 1, 2), (1, 3, 1)]",8.87
"[(1, 2, 3), (1, 4, 0), (1, 4, 4)]",8.36
"[(1, 0, 1), (1, 1, 2), (1, 3, 4)]",8.716666666666667
"[(0, 4, 2), (0, 5, 2), (1, 1, 0)]",8.256666666666666
"[(0, 5, 6), (1, 0, 2), (1, 2, 4)]",8.173333333333334
"[(0, 4, 2), (0, 5, 6), (1, 0, 1)]",8.553333333333333
"[(0, 4, 6), (1, 2, 4), (1, 3, 4)]",8.173333333333334
"[(0, 5, 2), (1, 0, 4), (1, 3, 3)]",8.68
"[(1, 1, 3), (1, 2, 0), (1, 4, 2)]",8.626666666666667
"[(0, 2, 4), (1, 1, 1), (1, 3, 3)]",9.723333333333333
"[(0, 1, 4), (0, 4, 6), (1, 0, 2)]",9.203333333333333
"[(0, 1, 4), (0, 2, 4), (1, 4, 3)]",8.99
"[(0, 4, 2), (0, 4, 6), (1, 1, 3)]",9.22
"[(0, 2, 4), (0, 5, 2), (1, 3, 2)]",9.176666666666666
"[(1, 0, 0), (1, 1, 1), (1, 4, 0)]",8.74
"[(1, 0, 3), (1, 3, 2), (1, 4, 3)]",8.35
"[(1, 1, 1), (1, 1, 3), (1, 2, 0)]",9.23
"[(0, 2, 4), (1, 0, 1), (1, 0, 2)]",8.916666666666666
"[(0, 1, 4), (1, 1, 0), (1, 3, 1)]",9.243333333333334
"[(0, 1, 4), (0, 4, 6), (0, 5, 6)]",9.016666666666667
"[(0, 4, 2), (1, 1, 0), (1, 3, 3)]",8.566666666666666
"[(1, 1, 1), (1, 1, 4), (1, 2, 2)]",9.793333333333333
"[(1, 0, 3), (1, 1, 3), (1, 1, 4)]",8.71
"[(0, 5, 6), (1, 0, 0), (1, 4, 0)]",8.236666666666666
"[(1, 0, 0), (1, 1, 2), (1, 1, 4)]",8.833333333333334
"[(1, 0, 3), (1, 4, 1), (1, 4, 2)]",8.176666666666666
"[(0, 4, 2), (1, 1, 4), (1, 4, 0)]",8.506666666666666
"[(1, 0, 1), (1, 0, 3), (1, 1, 3)]",8.616666666666667
"[(1, 1, 4), (1, 2, 2), (1, 3, 3)]",9.52
"[(1, 0, 0), (1, 1, 0), (1, 1, 2)]",8.75
"[(1, 2, 1), (1, 2, 4), (1, 4, 1)]",9.033333333333333
"[(1, 0, 3), (1, 2, 3), (1, 2, 4)]",8.66
"[(1, 0, 4), (1, 2, 1), (1, 4, 0)]",9.19
"[(0, 4, 6), (1, 0, 3), (1, 4, 2)]",8.276666666666667
"[(0, 4, 6), (1, 1, 1), (1, 4, 4)]",8.653333333333334
"[(0, 1, 4), (1, 3, 4), (1, 4, 2)]",9.08
"[(1, 2, 0), (1, 2, 4), (1, 4, 2)]",8.063333333333333
"[(1, 1, 2), (1, 1, 4), (1, 3, 1)]",8.766666666666667
"[(1, 0, 2), (1, 2, 4), (1, 4, 0)]",8.053333333333333
"[(1, 0, 3), (1, 2, 3), (1, 3, 4)]",8.71
"[(1, 1, 4), (1, 2, 1), (1, 4, 4)]",9.24
"[(1, 2, 0), (1, 2, 2), (1, 4, 2)]",8.87
"[(1, 2, 0), (1, 2, 1), (1, 4, 3)]",9.003333333333334
"[(1, 1, 0), (1, 2, 1), (1, 4, 1)]",9.126666666666667
"[(1, 0, 0), (1, 1, 0), (1, 2, 2)]",9.066666666666666
"[(1, 0, 4), (1, 4, 1), (1, 4, 3)]",8.323333333333334
"[(1, 0, 1), (1, 0, 4), (1, 4, 4)]",8.24
"[(1, 0, 0), (1, 4, 0), (1, 4, 2)]",8.136666666666667
"[(0, 5, 2), (1, 2, 4), (1, 3, 4)]",8.213333333333333
"[(0, 5, 2), (1, 1, 3), (1, 2, 0)]",8.726666666666667
"[(1, 1, 0), (1, 1, 2), (1, 2, 1)]",9.73
"[(1, 1, 3), (1, 3, 0), (1, 4, 3)]",8.813333333333333
"[(1, 1, 3), (1, 3, 0), (1, 3, 3)]",9.06
"[(0, 2, 4), (0, 5, 2), (1, 0, 3)]",8.79
"[(1, 0, 2), (1, 2, 4), (1, 4, 4)]",8.073333333333334
"[(1, 1, 0), (1, 1, 3), (1, 4, 2)]",8.833333333333334
"[(1, 1, 2), (1, 2, 4), (1, 4, 4)]",8.676666666666666
"[(1, 0, 0), (1, 3, 3), (1, 4, 3)]",8.466666666666667
"[(1, 0, 3), (1, 3, 0), (1, 3, 3)]",8.693333333333333
"[(0, 2, 4), (1, 0, 2), (1, 1, 1)]",9.61
"[(0, 1, 4), (1, 1, 2), (1, 2, 3)]",9.806666666666667
"[(1, 0, 0), (1, 1, 4), (1, 3, 2)]",8.546666666666667
"[(1, 0, 2), (1, 2, 1), (1, 3, 1)]",8.94
"[(1, 0, 1), (1, 0, 3), (1, 2, 2)]",9.076666666666666
"[(0, 4, 2), (1, 0, 0), (1, 2, 2)]",9.423333333333334
"[(1, 0, 2), (1, 3, 2), (1, 3, 3)]",8.41
"[(0, 1, 4), (1, 0, 3), (1, 1, 2)]",9.653333333333334
"[(1, 1, 2), (1, 2, 2), (1, 3, 2)]",9.033333333333333
"[(0, 2, 4), (1, 1, 1), (1, 3, 3)]",9.723333333333333
"[(1, 3, 2), (1, 3, 4), (1, 4, 3)]",8.306666666666667
"[(0, 2, 4), (1, 3, 0), (1, 4, 3)]",8.763333333333334
"[(0, 5, 2), (0, 5, 6), (1, 4, 2)]",9.243333333333334
"[(0, 4, 6), (1, 0, 0), (1, 3, 2)]",8.84
"[(0, 4, 2), (0, 4, 6), (1, 0, 3)]",8.75
"[(1, 1, 2), (1, 3, 2), (1, 4, 3)]",8.716666666666667
"[(0, 4, 6), (1, 0, 1), (1, 3, 4)]",8.183333333333334
"[(1, 0, 4), (1, 2, 0), (1, 4, 3)]",8.303333333333333
"[(1, 0, 0), (1, 0, 3), (1, 1, 1)]",8.946666666666667
"[(1, 0, 2), (1, 0, 3), (1, 3, 4)]",8.31
"[(1, 0, 2), (1, 1, 1), (1, 2, 2)]",9.483333333333333
"[(1, 2, 1), (1, 3, 0), (1, 3, 2)]",9.216666666666667
"[(1, 2, 0), (1, 2, 2), (1, 2, 3)]",8.973333333333333
"[(0, 1, 4), (0, 2, 4), (0, 5, 6)]",9.016666666666667
"[(1, 1, 0), (1, 2, 3), (1, 2, 4)]",8.66
"[(0, 2, 4), (1, 0, 3), (1, 4, 4)]",8.69
"[(1, 1, 0), (1, 4, 2), (1, 4, 3)]",8.25
"[(1, 0, 2), (1, 1, 3), (1, 3, 2)]",8.736666666666666
"[(0, 4, 2), (1, 0, 4), (1, 1, 2)]",8.903333333333334
"[(1, 1, 1), (1, 4, 1), (1, 4, 4)]",8.593333333333334
"[(1, 0, 2), (1, 4, 0), (1, 4, 2)]",7.96
"[(0, 1, 4), (1, 1, 3), (1, 4, 3)]",9.49
"[(0, 2, 4), (1, 0, 3), (1, 2, 3)]",9.1
"[(0, 2, 4), (0, 5, 6), (1, 0, 0)]",8.77
"[(0, 1, 4), (1, 0, 1), (1, 4, 3)]",9.216666666666667
"[(1, 0, 4), (1, 3, 1), (1, 4, 0)]",8.33
"[(1, 0, 4), (1, 2, 0), (1, 2, 4)]",8.23
"[(0, 5, 2), (1, 0, 2), (1, 1, 1)]",8.683333333333334
"[(0, 4, 2), (0, 5, 6), (1, 2, 0)]",8.656666666666666
"[(0, 4, 2), (0, 5, 6), (1, 2, 0)]",8.656666666666666
"[(0, 5, 6), (1, 3, 1), (1, 3, 4)]",8.756666666666666
"[(1, 2, 1), (1, 3, 3), (1, 3, 4)]",9.383333333333333
"[(1, 0, 3), (1, 2, 3), (1, 2, 4)]",8.66
"[(1, 0, 3), (1, 4, 1), (1, 4, 2)]",8.176666666666666
"[(1, 2, 3), (1, 4, 0), (1, 4, 3)]",8.34
"[(1, 0, 1), (1, 1, 0), (1, 2, 4)]",8.26
"[(0, 2, 4), (1, 2, 2), (1, 4, 0)]",9.126666666666667
"[(0, 5, 2), (0, 5, 6), (1, 3, 4)]",9.283333333333333
"[(0, 5, 6), (1, 3, 3), (1, 4, 0)]",8.42
"[(1, 3, 1), (1, 3, 2), (1, 3, 4)]",8.253333333333334
"[(0, 1, 4), (0, 4, 6), (1, 3, 0)]",9.183333333333334
"[(0, 2, 4), (1, 1, 4), (1, 3, 0)]",8.876666666666667
"[(0, 5, 2), (1, 0, 2), (1, 3, 4)]",8.223333333333333
"[(0, 4, 6), (1, 0, 3), (1, 2, 3)]",8.626666666666667
"[(0, 5, 6), (1, 4, 2), (1, 4, 3)]",8.39
"[(0, 4, 2), (0, 5, 6), (1, 0, 4)]",8.823333333333334
"[(1, 0, 1), (1, 2, 3), (1, 4, 0)]",8.35
"[(1, 0, 3), (1, 1, 2), (1, 3, 0)]",8.956666666666667
"[(0, 2, 4), (1, 0, 0), (1, 3, 1)]",8.77
"[(1, 2, 0), (1, 2, 1), (1, 3, 3)]",9.26
"[(1, 0, 2), (1, 1, 1), (1, 2, 1)]",9.053333333333333
"[(0, 2, 4), (1, 0, 1), (1, 2, 0)]",8.793333333333333
"[(0, 2, 4), (1, 1, 3), (1, 2, 2)]",9.68
"[(0, 4, 2), (1, 2, 2), (1, 3, 3)]",9.586666666666666
"[(0, 4, 6), (1, 1, 3), (1, 3, 3)]",8.933333333333334
"[(1, 0, 4), (1, 1, 3), (1, 2, 4)]",8.906666666666666
"[(0, 4, 6), (1, 1, 4), (1, 3, 2)]",8.963333333333333
"[(1, 1, 3), (1, 1, 4), (1, 3, 2)]",8.83
"[(0, 5, 2), (1, 0, 3), (1, 2, 3)]",8.83
"[(1, 0, 2), (1, 2, 3), (1, 4, 3)]",8.35
"[(1, 0, 0), (1, 1, 1), (1, 1, 2)]",9.353333333333333
"[(0, 1, 4), (0, 2, 4), (1, 4, 3)]",8.99
"[(1, 1, 1), (1, 2, 1), (1, 2, 3)]",9.31
"[(1, 2, 4), (1, 4, 0), (1, 4, 1)]",8.063333333333333
"[(0, 4, 2), (1, 0, 0), (1, 3, 4)]",8.36
"[(0, 5, 2), (1, 1, 4), (1, 2, 4)]",8.37
"[(0, 4, 6), (1, 0, 4), (1, 4, 0)]",8.29
"[(1, 0, 2), (1, 4, 0), (1, 4, 2)]",7.96
"[(0, 1, 4), (1, 3, 1), (1, 3, 4)]",9.18
"[(1, 1, 0), (1, 1, 2), (1, 1, 4)]",8.853333333333333
"[(1, 0, 0), (1, 2, 2), (1, 2, 3)]",9.16
"[(1, 2, 2), (1, 3, 2), (1, 4, 0)]",8.88
"[(1, 0, 4), (1, 3, 1), (1, 4, 1)]",8.33
"[(0, 5, 2), (1, 1, 2), (1, 2, 3)]",8.92
"[(1, 0, 2), (1, 2, 2), (1, 3, 3)]",9.21
"[(0, 2, 4), (1, 0, 0), (1, 3, 0)]",8.856666666666667
"[(0, 5, 2), (1, 2, 4), (1, 4, 0)]",8.35
"[(0, 5, 2), (1, 0, 3), (1, 2, 2)]",9.483333333333333
"[(1, 1, 0), (1, 2, 0), (1, 4, 1)]",8.156666666666666
"[(0, 4, 6), (1, 2, 0), (1, 3, 4)]",8.39
"[(0, 5, 2), (1, 2, 2), (1, 4, 2)]",9.276666666666667
"[(1, 0, 0), (1, 1, 2), (1, 3, 3)]",9.08
"[(0, 1, 4), (1, 1, 2), (1, 2, 0)]",9.55
"[(1, 0, 4), (1, 2, 0), (1, 3, 0)]",8.416666666666666
"[(1, 0, 2), (1, 0, 3), (1, 2, 2)]",9.066666666666666
"[(0, 5, 2), (1, 1, 2), (1, 3, 1)]",9.276666666666667
"[(0, 1, 4), (1, 1, 1), (1, 4, 2)]",9.55
"[(0, 5, 2), (1, 0, 3), (1, 4, 0)]",8.443333333333333
"[(0, 1, 4), (1, 1, 4), (1, 3, 0)]",9.35
"[(1, 0, 1), (1, 0, 3), (1, 4, 2)]",8.166666666666666
"[(0, 5, 6), (1, 0, 2), (1, 4, 2)]",8.306666666666667
"[(0, 4, 6), (1, 1, 0), (1, 2, 1)]",9.443333333333333
"[(1, 0, 1), (1, 0, 3), (1, 4, 1)]",8.166666666666666
"[(0, 5, 2), (1, 1, 0), (1, 1, 2)]",8.87
"[(0, 5, 6), (1, 3, 3), (1, 4, 4)]",8.44
"[(1, 1, 1), (1, 2, 0), (1, 2, 1)]",9.043333333333333
"[(0, 4, 6), (1, 0, 2), (1, 3, 0)]",8.226666666666667
"[(0, 4, 2), (0, 5, 6), (1, 4, 1)]",8.82
"[(0, 2, 4), (1, 1, 1), (1, 2, 0)]",9.486666666666666
"[(1, 0, 1), (1, 0, 2), (1, 0, 3)]",8.156666666666666
"[(1, 1, 2), (1, 1, 3), (1, 2, 0)]",8.666666666666666
"[(0, 1, 4), (1, 2, 3), (1, 3, 2)]",9.446666666666667
"[(0, 1, 4), (1, 0, 0), (1, 1, 0)]",9.123333333333333
"[(0, 5, 2), (1, 0, 1), (1, 1, 3)]",8.736666666666666
"[(0, 2, 4), (0, 4, 2), (0, 4, 6)]",9.076666666666666
"[(0, 4, 2), (1, 0, 1), (1, 4, 2)]",8.04
"[(0, 2, 4), (1, 1, 2), (1, 2, 1)]",9.913333333333334
"[(1, 0, 0), (1, 0, 4), (1, 1, 2)]",9.01
"[(0, 5, 2), (1, 0, 1), (1, 2, 0)]",8.06
"[(1, 1, 3), (1, 3, 0), (1, 4, 2)]",8.833333333333334
"[(1, 0, 4), (1, 1, 3), (1, 3, 0)]",9.093333333333334
"[(1, 0, 4), (1, 2, 4), (1, 3, 0)]",8.436666666666667
"[(1, 0, 4), (1, 1, 3), (1, 2, 3)]",8.886666666666667
"[(0, 2, 4), (1, 0, 3), (1, 3, 1)]",8.79
"[(0, 2, 4), (1, 1, 2), (1, 3, 2)]",9.433333333333334
"[(1, 1, 3), (1, 2, 0), (1, 4, 3)]",8.606666666666667
"[(1, 1, 3), (1, 2, 2), (1, 2, 4)]",9.65
"[(1, 2, 0), (1, 4, 0), (1, 4, 2)]",7.95
"[(0, 1, 4), (1, 2, 0), (1, 2, 4)]",9.153333333333334
"[(0, 5, 2), (1, 1, 0), (1, 1, 1)]",8.673333333333334
"[(0, 2, 4), (1, 0, 4), (1, 3, 3)]",9.093333333333334
"[(1, 0, 0), (1, 4, 0), (1, 4, 2)]",8.136666666666667
"[(1, 1, 1), (1, 1, 2), (1, 4, 4)]",9.186666666666667
"[(0, 5, 6), (1, 2, 4), (1, 4, 0)]",8.163333333333334
"[(0, 1, 4), (0, 5, 2), (1, 0, 3)]",9.12
"[(1, 3, 3), (1, 4, 2), (1, 4, 4)]",8.32
"[(0, 5, 2), (1, 3, 4), (1, 4, 1)]",8.44
"[(1, 0, 1), (1, 1, 0), (1, 3, 2)]",8.266666666666667
"[(0, 5, 2), (1, 1, 4), (1, 4, 4)]",8.38
"[(0, 4, 2), (1, 0, 1), (1, 0, 3)]",8.226666666666667
"[(1, 0, 3), (1, 3, 2), (1, 3, 3)]",8.606666666666667
"[(0, 2, 4), (1, 0, 2), (1, 4, 4)]",8.72
"[(0, 5, 6), (1, 1, 3), (1, 2, 1)]",9.953333333333333
"[(0, 5, 2), (1, 2, 4), (1, 4, 3)]",8.256666666666666
"[(0, 5, 2), (1, 1, 3), (1, 3, 3)]",8.973333333333333
"[(1, 1, 0), (1, 1, 1), (1, 3, 4)]",8.716666666666667
"[(0, 4, 2), (1, 1, 2), (1, 4, 2)]",8.643333333333333
"[(0, 5, 2), (1, 1, 1), (1, 1, 2)]",9.286666666666667
"[(0, 4, 2), (1, 0, 1), (1, 1, 2)]",8.633333333333333
"[(1, 1, 2), (1, 2, 1), (1, 3, 1)]",9.543333333333333
"[(0, 2, 4), (1, 0, 0), (1, 2, 1)]",9.363333333333333
"[(1, 0, 2), (1, 0, 3), (1, 2, 0)]",8.146666666666667
"[(0, 4, 6), (1, 0, 2), (1, 3, 0)]",8.226666666666667
"[(1, 0, 2), (1, 1, 1), (1, 4, 0)]",8.563333333333333
"[(0, 1, 4), (1, 2, 1), (1, 2, 3)]",9.753333333333334
"[(1, 0, 3), (1, 1, 3), (1, 2, 4)]",8.72
"[(1, 0, 4), (1, 3, 1), (1, 4, 0)]",8.33
"[(0, 5, 2), (1, 0, 2), (1, 1, 2)]",8.663333333333334
"[(0, 5, 2), (1, 0, 3), (1, 4, 1)]",8.483333333333333
"[(1, 1, 0), (1, 1, 4), (1, 3, 2)]",8.566666666666666
"[(1, 0, 1), (1, 0, 3), (1, 3, 0)]",8.353333333333333
"[(0, 1, 4), (1, 3, 4), (1, 4, 1)]",9.08
"[(1, 0, 0), (1, 1, 1), (1, 3, 3)]",9.09
"[(0, 4, 6), (1, 1, 1), (1, 3, 0)]",8.84
"[(1, 0, 0), (1, 0, 2), (1, 4, 0)]",8.126666666666667
"[(1, 2, 0), (1, 2, 1), (1, 3, 3)]",9.26
"[(0, 2, 4), (1, 0, 1), (1, 0, 4)]",8.96
"[(0, 5, 6), (1, 0, 2), (1, 2, 0)]",8.276666666666667
"[(0, 5, 6), (1, 1, 0), (1, 2, 4)]",8.37
"[(1, 0, 0), (1, 1, 3), (1, 2, 3)]",8.793333333333333
"[(0, 2, 4), (1, 1, 2), (1, 4, 1)]",9.393333333333333
"[(1, 0, 0), (1, 0, 2), (1, 3, 0)]",8.333333333333334
"[(1, 0, 1), (1, 2, 2), (1, 3, 4)]",9.033333333333333
"[(1, 0, 4), (1, 1, 0), (1, 1, 4)]",8.446666666666667
"[(1, 1, 0), (1, 1, 4), (1, 2, 4)]",8.456666666666667
"[(0, 4, 6), (1, 2, 4), (1, 3, 4)]",8.173333333333334
"[(0, 5, 6), (1, 1, 0), (1, 4, 4)]",8.276666666666667
"[(1, 0, 3), (1, 2, 1), (1, 2, 3)]",9.26
"[(0, 2, 4), (1, 1, 2), (1, 4, 0)]",9.373333333333333
"[(1, 0, 0), (1, 3, 0), (1, 3, 2)]",8.443333333333333
"[(1, 2, 2), (1, 2, 4), (1, 4, 4)]",8.993333333333334
"[(1, 3, 2), (1, 4, 1), (1, 4, 4)]",8.09
"[(0, 1, 4), (0, 4, 2), (1, 0, 1)]",9.203333333333333
"[(0, 5, 6), (1, 2, 2), (1, 2, 3)]",9.053333333333333
"[(1, 0, 1), (1, 3, 0), (1, 4, 1)]",8.166666666666666
"[(1, 1, 4), (1, 2, 3), (1, 4, 3)]",8.65
"[(0, 5, 2), (1, 4, 2), (1, 4, 3)]",8.153333333333334
"[(0, 5, 2), (1, 2, 1), (1, 3, 3)]",9.34
"[(0, 2, 4), (1, 1, 3), (1, 4, 1)]",9.036666666666667
"[(1, 1, 2), (1, 2, 3), (1, 3, 2)]",8.776666666666667
"[(1, 1, 3), (1, 2, 2), (1, 3, 0)]",9.743333333333334
"[(0, 5, 2), (1, 0, 0), (1, 1, 0)]",8.256666666666666
"[(1, 0, 2), (1, 1, 1), (1, 3, 0)]",8.77
"[(1, 1, 4), (1, 2, 0), (1, 2, 1)]",9.22
"[(0, 4, 2), (1, 1, 2), (1, 2, 4)]",8.736666666666666
"[(0, 4, 2), (1, 1, 0), (1, 4, 2)]",8.236666666666666
"[(0, 2, 4), (1, 2, 1), (1, 3, 1)]",9.196666666666667
"[(0, 5, 6), (1, 1, 2), (1, 2, 2)]",9.093333333333334
"[(1, 0, 2), (1, 2, 0), (1, 4, 0)]",7.94
"[(0, 5, 2), (1, 0, 3), (1, 3, 3)]",8.606666666666667
"[(1, 0, 2), (1, 2, 4), (1, 3, 3)]",8.403333333333334
"[(1, 0, 2), (1, 1, 1), (1, 4, 3)]",8.656666666666666
"[(1, 1, 4), (1, 2, 2), (1, 4, 4)]",9.19
"[(1, 0, 2), (1, 0, 3), (1, 0, 4)]",8.24
"[(0, 5, 2), (1, 1, 4), (1, 4, 2)]",8.37
"[(1, 2, 3), (1, 3, 0), (1, 4, 0)]",8.546666666666667
"[(0, 5, 6), (1, 2, 3), (1, 4, 3)]",8.666666666666666
"[(0, 5, 6), (1, 4, 1), (1, 4, 3)]",8.37
"[(1, 2, 0), (1, 2, 3), (1, 3, 2)]",8.46
"[(0, 4, 6), (1, 3, 2), (1, 4, 4)]",8.673333333333334
"[(1, 0, 1), (1, 2, 3), (1, 2, 4)]",8.463333333333333
"[(1, 0, 2), (1, 3, 2), (1, 3, 4)]",8.223333333333333
"[(0, 4, 6), (0, 5, 6), (1, 2, 4)]",8.163333333333334
"[(1, 0, 4), (1, 1, 4), (1, 4, 4)]",8.26
"[(0, 1, 4), (1, 0, 0), (1, 3, 1)]",9.11
"[(1, 0, 2), (1, 1, 0), (1, 3, 2)]",8.266666666666667
"[(0, 5, 2), (1, 1, 4), (1, 2, 0)]",8.36
"[(1, 1, 2), (1, 2, 3), (1, 4, 3)]",8.656666666666666
"[(0, 4, 6), (1, 3, 1), (1, 3, 3)]",8.48
"[(1, 1, 3), (1, 3, 2), (1, 3, 3)]",8.973333333333333
"[(0, 4, 6), (1, 0, 2), (1, 4, 1)]",8.04
"[(1, 1, 2), (1, 1, 4), (1, 2, 0)]",8.646666666666667
"[(0, 4, 6), (1, 0, 2), (1, 3, 4)]",8.183333333333334
"[(0, 5, 2), (1, 2, 1), (1, 4, 2)]",9.0
"[(0, 5, 2), (1, 2, 0), (1, 3, 0)]",8.256666666666666
"[(0, 1, 4), (0, 2, 4), (1, 4, 0)]",8.896666666666667
"[(1, 1, 0), (1, 2, 1), (1, 2, 3)]",9.26
"[(1, 0, 0), (1, 1, 0), (1, 1, 3)]",8.813333333333333
"[(1, 1, 2), (1, 3, 2), (1, 4, 3)]",8.716666666666667
"[(0, 4, 6), (1, 1, 2), (1, 2, 1)]",9.85
"[(1, 2, 0), (1, 2, 1), (1, 3, 0)]",9.116666666666667
"[(0, 4, 6), (1, 2, 2), (1, 3, 4)]",9.063333333333333
"[(0, 4, 6), (1, 2, 0), (1, 2, 2)]",8.9
"[(1, 0, 0), (1, 1, 0), (1, 4, 2)]",8.156666666666666
"[(1, 1, 0), (1, 1, 3), (1, 3, 0)]",9.02
"[(0, 4, 6), (1, 0, 0), (1, 3, 2)]",8.84
"[(0, 5, 2), (1, 0, 3), (1, 1, 0)]",8.463333333333333
"[(0, 1, 4), (1, 3, 0), (1, 4, 0)]",9.103333333333333
"[(0, 2, 4), (1, 2, 0), (1, 4, 4)]",8.596666666666666
"[(1, 1, 0), (1, 1, 4), (1, 4, 1)]",8.466666666666667
"[(0, 4, 6), (1, 0, 4), (1, 1, 4)]",8.32
"[(1, 0, 2), (1, 1, 0), (1, 2, 2)]",9.066666666666666
"[(0, 2, 4), (1, 2, 1), (1, 3, 1)]",9.196666666666667
"[(0, 4, 6), (1, 2, 4), (1, 4, 1)]",8.143333333333333
"[(1, 1, 0), (1, 2, 0), (1, 4, 1)]",8.156666666666666
"[(1, 1, 3), (1, 1, 4), (1, 3, 0)]",8.916666666666666
"[(1, 1, 3), (1, 1, 4), (1, 4, 1)]",8.73
"[(1, 2, 1), (1, 3, 2), (1, 4, 2)]",9.01
"[(1, 0, 0), (1, 3, 1), (1, 3, 4)]",8.4
"[(1, 1, 1), (1, 3, 0), (1, 4, 0)]",8.76
"[(0, 2, 4), (1, 2, 2), (1, 4, 4)]",9.146666666666667
"[(0, 5, 6), (1, 3, 2), (1, 3, 3)]",8.776666666666667
"[(1, 0, 0), (1, 1, 0), (1, 4, 2)]",8.156666666666666
"[(0, 2, 4), (1, 0, 0), (1, 2, 1)]",9.363333333333333
"[(1, 2, 3), (1, 2, 4), (1, 3, 0)]",8.66
"[(0, 2, 4), (0, 5, 2), (1, 4, 0)]",8.77
"[(0, 1, 4), (0, 4, 6), (1, 1, 2)]",9.63
"[(0, 4, 2), (1, 1, 3), (1, 4, 0)]",8.873333333333333
"[(0, 1, 4), (0, 2, 4), (1, 1, 4)]",9.143333333333333
"[(0, 4, 2), (1, 1, 0), (1, 4, 0)]",8.403333333333334
"[(0, 5, 2), (1, 1, 2), (1, 3, 0)]",8.87
"[(0, 2, 4), (0, 5, 2), (1, 0, 3)]",8.79
"[(0, 4, 2), (1, 0, 4), (1, 1, 0)]",8.496666666666666
"[(1, 0, 0), (1, 2, 4), (1, 3, 2)]",8.35
"[(1, 0, 0), (1, 2, 4), (1, 3, 2)]",8.35
"[(0, 2, 4), (1, 4, 0), (1, 4, 1)]",8.483333333333333
"[(1, 0, 3), (1, 2, 4), (1, 4, 0)]",8.25
"[(0, 1, 4), (0, 2, 4), (0, 4, 6)]",8.976666666666667
"[(1, 2, 3), (1, 3, 0), (1, 3, 1)]",8.666666666666666
"[(1, 0, 0), (1, 1, 1), (1, 3, 3)]",9.09
"[(0, 4, 6), (0, 5, 2), (1, 4, 3)]",8.863333333333333
"[(0, 4, 2), (0, 5, 6), (1, 3, 0)]",8.863333333333333
"[(0, 2, 4), (0, 5, 6), (1, 0, 4)]",8.863333333333333
"[(1, 2, 4), (1, 4, 2), (1, 4, 3)]",8.156666666666666
"[(1, 0, 1), (1, 2, 2), (1, 4, 0)]",8.87
"[(1, 2, 1), (1, 3, 0), (1, 4, 3)]",9.21
"[(0, 1, 4), (1, 0, 1), (1, 4, 3)]",9.216666666666667
"[(1, 0, 0), (1, 3, 0), (1, 4, 4)]",8.343333333333334
"[(1, 1, 0), (1, 2, 0), (1, 4, 1)]",8.156666666666666
"[(1, 0, 2), (1, 3, 4), (1, 4, 0)]",8.103333333333333
"[(0, 5, 6), (1, 2, 4), (1, 3, 3)]",8.533333333333333
"[(1, 0, 2), (1, 2, 3), (1, 2, 4)]",8.463333333333333
"[(1, 2, 0), (1, 4, 1), (1, 4, 4)]",7.97
"[(1, 0, 4), (1, 2, 3), (1, 4, 0)]",8.62
"[(1, 2, 3), (1, 3, 0), (1, 4, 1)]",8.566666666666666
"[(0, 2, 4), (1, 2, 3), (1, 4, 4)]",8.913333333333334
"[(0, 5, 2), (1, 0, 2), (1, 1, 3)]",8.736666666666666
"[(1, 1, 0), (1, 4, 1), (1, 4, 2)]",8.176666666666666
"[(0, 4, 6), (1, 2, 2), (1, 3, 0)]",9.106666666666667
"[(0, 4, 6), (1, 3, 2), (1, 4, 1)]",8.673333333333334
"[(1, 0, 1), (1, 2, 0), (1, 4, 4)]",7.96
"[(1, 2, 2), (1, 3, 2), (1, 4, 3)]",8.973333333333333
"[(0, 2, 4), (1, 2, 0), (1, 2, 1)]",9.176666666666666
"[(1, 2, 1), (1, 2, 2), (1, 3, 0)]",9.463333333333333
"[(1, 0, 4), (1, 1, 2), (1, 1, 3)]",8.946666666666667
"[(1, 2, 3), (1, 3, 1), (1, 4, 0)]",8.46
"[(1, 0, 0), (1, 2, 0), (1, 4, 1)]",8.136666666666667
"[(0, 4, 6), (0, 5, 6), (1, 2, 3)]",8.46
"[(1, 0, 0), (1, 0, 3), (1, 4, 2)]",8.343333333333334
"[(0, 1, 4), (1, 0, 1), (1, 4, 1)]",9.143333333333333
"[(0, 5, 6), (1, 0, 0), (1, 2, 4)]",8.35
"[(1, 2, 2), (1, 3, 3), (1, 4, 0)]",9.21
"[(1, 2, 3), (1, 4, 0), (1, 4, 1)]",8.36
"[(0, 2, 4), (1, 3, 2), (1, 4, 2)]",8.583333333333334
"[(1, 0, 0), (1, 0, 1), (1, 4, 0)]",8.126666666666667
"[(1, 1, 1), (1, 2, 2), (1, 3, 0)]",9.69
"[(1, 0, 0), (1, 2, 0), (1, 3, 4)]",8.28
"[(0, 5, 2), (1, 0, 2), (1, 2, 2)]",9.276666666666667
"[(0, 5, 6), (1, 0, 1), (1, 4, 4)]",8.08
"[(1, 1, 0), (1, 1, 2), (1, 3, 3)]",9.1
"[(0, 1, 4), (0, 4, 6), (1, 4, 3)]",9.276666666666667
"[(1, 1, 2), (1, 3, 0), (1, 4, 0)]",8.75
"[(0, 2, 4), (1, 4, 1), (1, 4, 3)]",8.576666666666666
"[(1, 2, 0), (1, 2, 2), (1, 4, 3)]",8.953333333333333
"[(0, 5, 2), (1, 3, 1), (1, 3, 4)]",8.826666666666666
"[(0, 1, 4), (0, 5, 2), (1, 4, 2)]",9.026666666666667
"[(0, 2, 4), (1, 2, 0), (1, 2, 4)]",8.72
"[(0, 5, 6), (1, 0, 2), (1, 4, 1)]",8.07
"[(0, 5, 2), (0, 5, 6), (1, 0, 1)]",9.026666666666667
"[(0, 2, 4), (0, 4, 6), (1, 0, 3)]",8.75
"[(1, 1, 0), (1, 1, 2), (1, 3, 3)]",9.1
"[(0, 5, 6), (1, 2, 0), (1, 3, 3)]",8.636666666666667
"[(1, 2, 1), (1, 4, 2), (1, 4, 3)]",9.023333333333333
"[(1, 1, 2), (1, 1, 4), (1, 4, 2)]",8.666666666666666
"[(1, 0, 3), (1, 1, 4), (1, 2, 1)]",9.24
"[(1, 1, 3), (1, 2, 2), (1, 2, 4)]",9.65
"[(0, 4, 2), (1, 0, 4), (1, 2, 2)]",9.516666666666667
"[(0, 5, 6), (1, 0, 4), (1, 4, 0)]",8.33
"[(0, 5, 6), (1, 0, 1), (1, 1, 2)]",8.673333333333334
"[(0, 5, 2), (1, 4, 1), (1, 4, 3)]",8.37
"[(0, 2, 4), (1, 2, 4), (1, 3, 3)]",8.936666666666667
"[(0, 5, 6), (1, 2, 1), (1, 3, 3)]",9.636666666666667
"[(1, 2, 0), (1, 2, 3), (1, 3, 1)]",8.46
"[(1, 2, 1), (1, 3, 1), (1, 4, 0)]",8.93
"[(0, 4, 2), (0, 5, 6), (1, 3, 4)]",8.696666666666667
"[(1, 0, 4), (1, 3, 0), (1, 4, 2)]",8.436666666666667
"[(1, 0, 4), (1, 3, 3), (1, 3, 4)]",8.59
"[(0, 1, 4), (1, 0, 0), (1, 0, 3)]",9.093333333333334
"[(1, 0, 4), (1, 1, 1), (1, 2, 3)]",9.243333333333334
"[(1, 0, 1), (1, 3, 1), (1, 3, 3)]",8.41
"[(1, 2, 2), (1, 3, 0), (1, 3, 2)]",9.086666666666666
"[(0, 2, 4), (0, 4, 6), (1, 0, 3)]",8.75
"[(1, 0, 4), (1, 2, 0), (1, 4, 3)]",8.303333333333333
"[(0, 2, 4), (1, 0, 1), (1, 1, 2)]",9.59
"[(0, 2, 4), (1, 0, 0), (1, 0, 3)]",8.856666666666667
"[(1, 0, 0), (1, 1, 1), (1, 2, 2)]",9.67
"[(0, 5, 6), (1, 1, 2), (1, 2, 2)]",9.093333333333334
"[(1, 1, 3), (1, 2, 2), (1, 3, 1)]",9.636666666666667
"[(0, 1, 4), (1, 3, 2), (1, 4, 3)]",9.11
"[(1, 1, 0), (1, 3, 4), (1, 4, 0)]",8.3
"[(0, 4, 2), (0, 5, 2), (1, 2, 4)]",8.163333333333334
"[(1, 0, 0), (1, 1, 2), (1, 2, 1)]",9.71
"[(1, 0, 4), (1, 2, 0), (1, 3, 4)]",8.28
"[(1, 2, 3), (1, 2, 4), (1, 4, 3)]",8.453333333333333
"[(0, 2, 4), (1, 2, 1), (1, 3, 3)]",9.526666666666667
"[(0, 4, 2), (1, 4, 2), (1, 4, 3)]",8.123333333333333
"[(1, 3, 2), (1, 4, 2), (1, 4, 4)]",8.07
"[(0, 4, 2), (1, 4, 0), (1, 4, 2)]",8.216666666666667
"[(0, 4, 2), (1, 0, 1), (1, 1, 2)]",8.633333333333333
"[(0, 4, 2), (0, 4, 6), (1, 2, 2)]",9.503333333333334
"[(0, 5, 2), (1, 1, 2), (1, 4, 0)]",8.85
"[(0, 5, 6), (1, 0, 1), (1, 3, 3)]",8.43
"[(1, 2, 0), (1, 3, 0), (1, 4, 1)]",8.156666666666666
"[(0, 4, 6), (1, 0, 3), (1, 3, 2)]",8.86
"[(0, 4, 2), (1, 2, 4), (1, 3, 3)]",8.473333333333333
"[(0, 2, 4), (1, 3, 0), (1, 4, 2)]",8.69
"[(1, 3, 0), (1, 3, 4), (1, 4, 2)]",8.32
"[(1, 0, 2), (1, 3, 4), (1, 4, 0)]",8.103333333333333
"[(0, 2, 4), (1, 0, 4), (1, 3, 2)]",8.863333333333333
"[(0, 5, 6), (1, 1, 1), (1, 1, 3)]",9.35
"[(0, 1, 4), (1, 1, 1), (1, 1, 4)]",9.653333333333334
"[(0, 4, 6), (1, 4, 1), (1, 4, 3)]",8.33
"[(0, 5, 2), (1, 4, 1), (1, 4, 4)]",8.296666666666667
"[(1, 2, 4), (1, 3, 0), (1, 4, 0)]",8.25
"[(0, 5, 6), (1, 0, 1), (1, 1, 3)]",8.736666666666666
"[(0, 4, 2), (1, 3, 0), (1, 4, 0)]",8.216666666666667
"[(0, 4, 2), (1, 0, 2), (1, 2, 1)]",8.96
"[(1, 0, 4), (1, 2, 2), (1, 3, 0)]",9.346666666666666
"[(0, 4, 2), (1, 1, 4), (1, 3, 4)]",8.38
"[(0, 1, 4), (1, 3, 0), (1, 3, 3)]",9.453333333333333
"[(0, 2, 4), (1, 1, 3), (1, 4, 2)]",9.036666666666667
"[(1, 0, 0), (1, 1, 0), (1, 1, 1)]",8.74
"[(0, 2, 4), (0, 5, 6), (1, 0, 3)]",8.79
"[(0, 4, 2), (1, 1, 2), (1, 2, 1)]",9.563333333333333
"[(1, 0, 2), (1, 2, 4), (1, 3, 4)]",8.103333333333333
"[(0, 4, 2), (1, 4, 1), (1, 4, 3)]",8.163333333333334
"[(1, 0, 2), (1, 0, 3), (1, 3, 1)]",8.266666666666667
"[(1, 0, 0), (1, 0, 3), (1, 3, 0)]",8.53
"[(1, 2, 2), (1, 3, 3), (1, 4, 1)]",9.23
"[(1, 0, 1), (1, 3, 3), (1, 4, 4)]",8.31
"[(0, 1, 4), (1, 2, 0), (1, 2, 4)]",9.153333333333334
"[(1, 1, 0), (1, 1, 1), (1, 1, 3)]",9.23
"[(1, 0, 1), (1, 2, 1), (1, 2, 3)]",9.053333333333333
"[(0, 4, 6), (1, 1, 0), (1, 1, 4)]",8.526666666666667
"[(1, 0, 2), (1, 0, 3), (1, 3, 0)]",8.353333333333333
"[(0, 4, 2), (1, 3, 1), (1, 4, 0)]",8.85
"[(1, 2, 4), (1, 3, 3), (1, 4, 4)]",8.413333333333334
"[(1, 2, 0), (1, 3, 0), (1, 3, 4)]",8.3
"[(0, 1, 4), (1, 1, 2), (1, 1, 4)]",9.653333333333334
"[(1, 2, 0), (1, 4, 0), (1, 4, 1)]",7.95
"[(0, 4, 6), (1, 1, 2), (1, 3, 4)]",8.786666666666667
"[(1, 0, 3), (1, 3, 0), (1, 4, 0)]",8.343333333333334
"[(0, 1, 4), (0, 5, 6), (1, 4, 4)]",9.036666666666667
"[(1, 3, 0), (1, 3, 1), (1, 4, 0)]",8.256666666666666
"[(0, 1, 4), (1, 3, 4), (1, 4, 3)]",9.153333333333334
"[(1, 0, 2), (1, 4, 0), (1, 4, 1)]",7.96
"[(0, 1, 4), (1, 1, 1), (1, 4, 1)]",9.54
"[(0, 4, 6), (0, 5, 6), (1, 0, 0)]",8.236666666666666
"[(1, 1, 3), (1, 3, 0), (1, 4, 4)]",8.833333333333334
"[(1, 1, 4), (1, 2, 3), (1, 2, 4)]",8.66
"[(0, 4, 6), (1, 3, 2), (1, 3, 3)]",8.756666666666666
"[(0, 4, 2), (1, 1, 4), (1, 2, 0)]",8.32
"[(1, 1, 2), (1, 2, 1), (1, 3, 3)]",9.873333333333333
"[(1, 2, 3), (1, 4, 2), (1, 4, 4)]",8.38
"[(0, 5, 2), (1, 4, 1), (1, 4, 3)]",8.37
"[(1, 2, 1), (1, 3, 3), (1, 4, 0)]",9.26
"[(0, 2, 4), (0, 5, 2), (1, 0, 2)]",8.82
"[(1, 1, 2), (1, 4, 0), (1, 4, 4)]",8.563333333333333
"[(0, 5, 6), (1, 0, 3), (1, 4, 2)]",8.503333333333334
"[(0, 2, 4), (0, 5, 2), (1, 1, 1)]",9.493333333333334
"[(1, 1, 2), (1, 1, 3), (1, 2, 3)]",8.666666666666666
"[(1, 0, 0), (1, 4, 2), (1, 4, 3)]",8.23
"[(0, 4, 2), (1, 0, 4), (1, 2, 3)]",8.966666666666667
"[(0, 5, 2), (1, 3, 0), (1, 3, 2)]",8.663333333333334
"[(1, 1, 0), (1, 1, 2), (1, 3, 1)]",8.87
"[(1, 3, 3), (1, 4, 2), (1, 4, 3)]",8.3
"[(1, 2, 0), (1, 3, 1), (1, 4, 2)]",8.07
"[(0, 1, 4), (0, 5, 6), (1, 3, 2)]",9.6
"[(1, 0, 4), (1, 2, 0), (1, 2, 1)]",9.19
"[(1, 0, 2), (1, 2, 3), (1, 4, 1)]",8.37
"[(1, 0, 1), (1, 3, 1), (1, 4, 4)]",8.08
"[(1, 1, 0), (1, 2, 3), (1, 3, 0)]",8.753333333333334
"[(0, 5, 2), (1, 1, 4), (1, 3, 1)]",8.973333333333333
"[(1, 0, 4), (1, 3, 3), (1, 4, 1)]",8.58
"[(1, 3, 3), (1, 3, 4), (1, 4, 1)]",8.423333333333334
"[(0, 5, 6), (1, 1, 4), (1, 3, 1)]",8.923333333333334
"[(0, 4, 2), (1, 0, 0), (1, 4, 2)]",8.216666666666667
"[(1, 0, 0), (1, 1, 0), (1, 3, 3)]",8.486666666666666
"[(0, 4, 6), (1, 4, 1), (1, 4, 2)]",8.07
"[(0, 4, 6), (1, 0, 2), (1, 0, 3)]",8.226666666666667
"[(1, 0, 3), (1, 1, 0), (1, 3, 4)]",8.506666666666666
"[(1, 2, 4), (1, 3, 2), (1, 3, 3)]",8.513333333333334
"[(0, 2, 4), (1, 3, 0), (1, 3, 4)]",8.833333333333334
"[(1, 0, 0), (1, 2, 3), (1, 3, 1)]",8.646666666666667
"[(0, 2, 4), (1, 0, 4), (1, 1, 1)]",9.653333333333334
"[(0, 1, 4), (0, 2, 4), (1, 2, 4)]",9.04
"[(1, 1, 3), (1, 2, 0), (1, 2, 3)]",8.606666666666667
"[(0, 1, 4), (1, 0, 2), (1, 4, 4)]",9.143333333333333
"[(1, 2, 4), (1, 3, 0), (1, 4, 3)]",8.343333333333334
"[(0, 1, 4), (1, 0, 0), (1, 2, 3)]",9.42
"[(0, 1, 4), (0, 5, 2), (1, 0, 3)]",9.12
"[(1, 0, 1), (1, 1, 4), (1, 3, 4)]",8.31
"[(1, 0, 1), (1, 3, 2), (1, 4, 1)]",8.08
"[(0, 5, 2), (1, 0, 1), (1, 0, 2)]",8.07
"[(1, 0, 0), (1, 1, 0), (1, 3, 2)]",8.256666666666666
"[(1, 1, 0), (1, 1, 3), (1, 2, 2)]",9.743333333333334
"[(0, 5, 6), (1, 1, 4), (1, 4, 3)]",8.68
"[(0, 1, 4), (0, 5, 2), (1, 2, 4)]",9.16
"[(1, 2, 0), (1, 3, 1), (1, 4, 4)]",8.07
"[(1, 2, 0), (1, 4, 2), (1, 4, 4)]",7.97
"[(0, 5, 2), (1, 3, 3), (1, 4, 0)]",8.586666666666666
"[(1, 3, 2), (1, 4, 0), (1, 4, 2)]",8.05
"[(1, 0, 4), (1, 3, 0), (1, 4, 1)]",8.436666666666667
"[(0, 4, 6), (1, 1, 1), (1, 3, 1)]",8.816666666666666
"[(0, 2, 4), (1, 2, 1), (1, 4, 3)]",9.27
"[(0, 2, 4), (1, 0, 3), (1, 2, 3)]",9.1
"[(1, 0, 1), (1, 0, 3), (1, 4, 3)]",8.24
"[(0, 1, 4), (0, 2, 4), (1, 0, 0)]",8.99
"[(0, 5, 6), (1, 0, 2), (1, 2, 1)]",9.286666666666667
"[(0, 4, 2), (1, 2, 0), (1, 3, 1)]",8.663333333333334
"[(0, 1, 4), (0, 4, 6), (1, 0, 1)]",9.203333333333333
"[(0, 2, 4), (1, 0, 3), (1, 4, 0)]",8.67
"[(0, 1, 4), (1, 2, 4), (1, 4, 4)]",9.05
"[(0, 2, 4), (0, 5, 2), (1, 1, 1)]",9.493333333333334
"[(0, 4, 6), (1, 3, 2), (1, 4, 2)]",8.653333333333334
"[(1, 1, 3), (1, 1, 4), (1, 2, 1)]",9.69
"[(0, 4, 2), (1, 0, 3), (1, 0, 4)]",8.31
"[(1, 1, 4), (1, 4, 3), (1, 4, 4)]",8.353333333333333
"[(0, 5, 2), (1, 1, 1), (1, 4, 1)]",8.88
"[(0, 4, 6), (1, 0, 0), (1, 4, 1)]",8.216666666666667
"[(0, 2, 4), (1, 0, 4), (1, 1, 0)]",8.846666666666666
"[(1, 0, 0), (1, 0, 3), (1, 2, 0)]",8.323333333333334
"[(0, 1, 4), (0, 4, 2), (1, 2, 0)]",9.09
"[(0, 1, 4), (0, 5, 6), (1, 1, 2)]",9.67
"[(1, 2, 1), (1, 2, 4), (1, 4, 1)]",9.033333333333333
"[(1, 2, 2), (1, 2, 4), (1, 4, 1)]",8.993333333333334
"[(0, 4, 2), (1, 0, 3), (1, 4, 0)]",8.403333333333334
"[(0, 4, 6), (1, 1, 0), (1, 3, 3)]",8.606666666666667
"[(1, 0, 2), (1, 0, 3), (1, 4, 0)]",8.146666666666667
"[(1, 0, 2), (1, 3, 1), (1, 4, 3)]",8.153333333333334
"[(0, 5, 6), (1, 1, 2), (1, 2, 0)]",8.88
"[(0, 5, 6), (1, 1, 2), (1, 2, 2)]",9.093333333333334
"[(0, 4, 2), (1, 0, 3), (1, 1, 0)]",8.423333333333334
"[(0, 2, 4), (1, 1, 4), (1, 2, 3)]",9.1
"[(0, 5, 6), (1, 0, 4), (1, 1, 3)]",9.006666666666666
"[(0, 1, 4), (1, 2, 1), (1, 3, 3)]",9.96
"[(1, 0, 4), (1, 1, 0), (1, 4, 3)]",8.51
"[(0, 2, 4), (0, 5, 2), (1, 2, 0)]",8.696666666666667
"[(1, 0, 1), (1, 1, 2), (1, 4, 3)]",8.646666666666667
"[(0, 1, 4), (1, 3, 2), (1, 4, 0)]",9.016666666666667
"[(0, 4, 6), (1, 1, 0), (1, 3, 3)]",8.606666666666667
"[(0, 1, 4), (1, 0, 1), (1, 1, 2)]",9.663333333333334
"[(1, 3, 2), (1, 4, 0), (1, 4, 1)]",8.07
"[(0, 2, 4), (1, 1, 3), (1, 4, 3)]",9.016666666666667
"[(1, 0, 0), (1, 1, 3), (1, 3, 3)]",9.04
"[(1, 0, 0), (1, 2, 0), (1, 4, 2)]",8.136666666666667
"[(1, 0, 4), (1, 3, 1), (1, 3, 2)]",8.37
"[(1, 0, 4), (1, 1, 2), (1, 4, 1)]",8.843333333333334
"[(1, 2, 2), (1, 3, 0), (1, 4, 0)]",9.066666666666666
"[(0, 1, 4), (1, 2, 4), (1, 3, 4)]",9.07
"[(0, 4, 6), (1, 2, 1), (1, 3, 1)]",9.236666666666666
